latitude,longitude,elevation,utc_offset_seconds,timezone,timezone_abbreviation
34.059753,118.125,20.0,0,GMT,GMT

time,weather_code (wmo code),temperature_2m_mean (°C),rain_sum (mm),sunshine_duration (s),snowfall_sum (cm),precipitation_sum (mm),wind_direction_10m_dominant (°),daylight_duration (s),wind_speed_10m_max (km/h)
2021-01-01,0,-2.0,0.00,31557.45,0.00,0.00,223,35764.22,15.0
2021-01-02,3,-0.6,0.00,30557.70,0.00,0.00,122,35799.25,11.7
2021-01-03,3,1.0,0.00,24029.97,0.00,0.00,91,35837.00,10.6
2021-01-04,3,1.6,0.00,27989.08,0.00,0.00,39,35877.42,21.0
2021-01-05,3,-2.2,0.00,3686.74,0.00,0.00,47,35920.46,18.8
2021-01-06,3,-4.3,0.00,28885.16,0.00,0.00,342,35966.08,24.2
2021-01-07,3,-9.2,0.00,31852.92,0.00,0.00,301,36014.25,21.0
2021-01-08,0,-5.7,0.00,31904.30,0.00,0.00,277,36065.00,22.1
2021-01-09,3,-3.6,0.00,31957.06,0.00,0.00,295,36118.92,9.8
2021-01-10,3,-1.1,0.00,28800.00,0.00,0.00,316,36176.00,10.9
2021-01-11,0,-1.9,0.00,31879.68,0.00,0.00,258,36236.12,23.5
2021-01-12,0,2.9,0.00,32123.74,0.00,0.00,222,36299.14,22.1
2021-01-13,0,3.4,0.00,32181.67,0.00,0.00,174,36364.96,16.6
2021-01-14,3,5.6,0.00,32144.89,0.00,0.00,179,36433.43,16.4
2021-01-15,3,2.2,0.00,30154.26,0.00,0.00,32,36504.43,17.6
2021-01-16,3,-1.7,0.00,27173.89,0.00,0.00,13,36577.86,14.9
2021-01-17,0,0.4,0.00,32421.54,0.00,0.00,234,36653.59,19.1
2021-01-18,0,1.6,0.00,32582.55,0.00,0.00,114,36731.49,18.5
2021-01-19,3,3.8,0.00,32544.42,0.00,0.00,122,36811.45,19.8
2021-01-20,3,5.7,0.00,32343.55,0.00,0.00,93,36893.35,12.0
2021-01-21,51,5.7,0.10,12305.06,0.00,0.10,342,36977.08,10.9
2021-01-22,51,2.7,0.10,0.00,0.00,0.10,47,37062.52,15.0
2021-01-23,3,0.8,0.00,18754.70,0.00,0.00,67,37149.56,9.8
2021-01-24,51,4.8,0.20,24937.59,0.00,0.20,73,37238.09,17.5
2021-01-25,55,6.1,10.20,0.00,0.00,10.20,6,37327.99,15.1
2021-01-26,51,3.5,0.10,15286.98,0.00,0.10,49,37419.18,16.6
2021-01-27,3,4.1,0.00,29976.50,0.00,0.00,249,37511.52,21.6
2021-01-28,0,0.5,0.00,33098.36,0.00,0.00,347,37605.10,27.9
2021-01-29,3,3.6,0.00,33216.76,0.00,0.00,199,37700.89,17.6
2021-01-30,3,4.8,0.00,33102.46,0.00,0.00,177,37798.93,10.2
2021-01-31,3,8.8,0.00,33223.59,0.00,0.00,227,37899.07,16.1
2021-02-01,3,5.2,0.00,28807.43,0.00,0.00,41,38001.18,21.8
2021-02-02,0,2.3,0.00,33351.93,0.00,0.00,126,38105.11,12.6
2021-02-03,3,6.0,0.00,33104.70,0.00,0.00,7,38210.74,17.4
2021-02-04,3,5.5,0.00,33739.91,0.00,0.00,157,38317.93,11.7
2021-02-05,3,8.5,0.00,28091.00,0.00,0.00,219,38426.55,18.2
2021-02-06,3,9.2,0.00,33334.82,0.00,0.00,244,38536.47,17.7
2021-02-07,3,5.8,0.00,33894.06,0.00,0.00,50,38647.57,27.6
2021-02-08,3,2.7,0.00,32418.41,0.00,0.00,100,38759.73,13.1
2021-02-09,3,4.3,0.00,34335.36,0.00,0.00,149,38872.82,14.0
2021-02-10,3,6.7,0.00,33189.57,0.00,0.00,99,38986.71,10.0
2021-02-11,3,8.0,0.00,32935.66,0.00,0.00,151,39101.31,17.1
2021-02-12,1,9.6,0.00,33779.79,0.00,0.00,141,39216.49,19.0
2021-02-13,51,11.5,0.80,28424.73,0.00,0.80,146,39332.13,16.8
2021-02-14,55,9.1,3.80,6084.30,0.00,3.80,355,39448.13,24.3
2021-02-15,3,4.1,0.00,28375.79,0.00,0.00,174,39564.38,24.8
2021-02-16,2,4.8,0.00,35566.94,0.00,0.00,35,39680.76,24.7
2021-02-17,0,1.2,0.00,35863.46,0.00,0.00,25,39797.36,10.5
2021-02-18,3,5.0,0.00,35813.57,0.00,0.00,195,39915.20,16.0
2021-02-19,0,12.8,0.00,36243.00,0.00,0.00,232,40034.37,23.3
2021-02-20,0,15.4,0.00,36439.95,0.00,0.00,226,40154.74,23.8
2021-02-21,0,16.4,0.00,36516.37,0.00,0.00,231,40276.20,24.9
2021-02-22,3,9.2,0.00,36593.03,0.00,0.00,70,40398.66,31.8
2021-02-23,3,5.8,0.00,28763.33,0.00,0.00,84,40521.99,29.1
2021-02-24,63,7.1,20.50,23868.11,0.00,20.50,69,40646.09,28.7
2021-02-25,55,4.2,2.50,0.00,0.00,2.50,40,40770.86,33.0
2021-02-26,3,5.5,0.00,0.00,0.00,0.00,48,40896.21,20.4
2021-02-27,3,8.8,0.00,19319.71,0.00,0.00,98,41022.03,14.1
2021-02-28,61,10.2,10.30,3053.15,0.00,10.30,76,41148.21,19.2
2021-03-01,53,2.8,2.40,0.00,0.00,2.40,1,41274.66,26.7
2021-03-02,3,4.4,0.00,38309.64,0.00,0.00,138,41401.29,12.6
2021-03-03,3,6.8,0.00,29370.57,0.00,0.00,155,41527.99,19.9
2021-03-04,3,9.7,0.00,38041.89,0.00,0.00,163,41654.68,10.7
2021-03-05,3,10.6,0.00,34200.96,0.00,0.00,83,41781.25,30.8
2021-03-06,3,4.6,0.00,11727.62,0.00,0.00,40,41907.62,27.8
2021-03-07,3,4.7,0.00,35634.83,0.00,0.00,85,42033.70,11.2
2021-03-08,53,8.4,4.80,27623.66,0.00,4.80,91,42159.38,9.8
2021-03-09,3,9.0,0.00,25209.88,0.00,0.00,145,42284.75,9.8
2021-03-10,53,10.7,0.50,37460.42,0.00,0.50,123,42410.76,15.5
2021-03-11,61,7.3,8.60,0.00,0.00,8.60,36,42537.48,18.6
2021-03-12,3,10.5,0.00,36000.00,0.00,0.00,116,42664.84,7.5
2021-03-13,3,10.3,0.00,6913.62,0.00,0.00,147,42792.76,11.1
2021-03-14,51,12.7,0.10,33675.86,0.00,0.10,144,42921.13,17.3
2021-03-15,55,12.7,2.90,7394.55,0.00,2.90,43,43049.88,20.0
2021-03-16,3,9.1,0.00,39099.91,0.00,0.00,75,43178.93,20.7
2021-03-17,3,9.0,0.00,33808.58,0.00,0.00,81,43308.18,20.8
2021-03-18,51,9.9,0.10,31084.88,0.00,0.10,55,43437.55,22.8
2021-03-19,61,8.6,2.40,0.00,0.00,2.40,37,43566.97,18.7
2021-03-20,51,10.1,0.20,22853.17,0.00,0.20,325,43696.34,17.3
2021-03-21,3,7.5,0.00,33789.88,0.00,0.00,311,43825.59,25.2
2021-03-22,0,9.9,0.00,39792.11,0.00,0.00,237,43954.62,18.2
2021-03-23,3,12.3,0.00,36025.55,0.00,0.00,207,44083.36,21.1
2021-03-24,3,13.6,0.00,39870.40,0.00,0.00,217,44211.71,16.1
2021-03-25,3,15.8,0.00,37277.15,0.00,0.00,139,44339.59,15.3
2021-03-26,63,16.5,11.80,30278.30,0.00,11.80,106,44466.93,18.1
2021-03-27,3,14.0,0.00,6097.74,0.00,0.00,273,44593.62,16.9
2021-03-28,2,17.8,0.00,39692.67,0.00,0.00,205,44719.59,23.4
2021-03-29,3,14.8,0.00,40349.44,0.00,0.00,76,44844.90,20.5
2021-03-30,51,15.0,0.20,36589.79,0.00,0.20,89,44970.44,21.6
2021-03-31,53,11.5,2.50,116.97,0.00,2.50,69,45096.29,24.0
2021-04-01,51,12.1,1.70,0.00,0.00,1.70,60,45222.37,22.4
2021-04-02,53,11.3,7.00,0.00,0.00,7.00,19,45348.60,16.6
2021-04-03,51,10.0,0.40,4109.61,0.00,0.40,7,45474.90,24.8
2021-04-04,2,10.9,0.00,41188.51,0.00,0.00,32,45601.20,21.0
2021-04-05,3,12.2,0.00,26789.31,0.00,0.00,134,45727.41,14.3
2021-04-06,3,13.8,0.00,36000.00,0.00,0.00,122,45853.43,9.0
2021-04-07,3,12.8,0.00,2762.55,0.00,0.00,128,45979.21,8.7
2021-04-08,3,13.2,0.00,41497.73,0.00,0.00,100,46104.65,12.1
2021-04-09,3,14.6,0.00,36157.32,0.00,0.00,148,46229.67,11.3
2021-04-10,3,15.3,0.00,38505.86,0.00,0.00,122,46354.17,21.4
2021-04-11,53,14.3,0.60,3600.00,0.00,0.60,107,46478.08,21.0
2021-04-12,3,15.5,0.00,21635.95,0.00,0.00,307,46601.29,19.4
2021-04-13,3,11.8,0.00,7200.00,0.00,0.00,79,46723.73,24.2
2021-04-14,3,13.2,0.00,37742.39,0.00,0.00,153,46845.30,18.0
2021-04-15,3,16.5,0.00,34278.51,0.00,0.00,198,46965.90,18.3
2021-04-16,3,15.5,0.00,36949.89,0.00,0.00,30,47085.43,27.9
2021-04-17,0,13.0,0.00,42942.88,0.00,0.00,318,47203.82,23.3
2021-04-18,3,14.1,0.00,42679.78,0.00,0.00,186,47321.10,9.4
2021-04-19,3,17.3,0.00,39600.00,0.00,0.00,143,47438.13,15.0
2021-04-20,53,15.6,3.40,240.83,0.00,3.40,93,47554.98,20.9
2021-04-21,63,16.0,17.90,7200.00,0.00,17.90,95,47671.56,22.8
2021-04-22,63,16.7,6.80,3986.07,0.00,6.80,338,47787.79,13.2
2021-04-23,3,16.9,0.00,30372.57,0.00,0.00,19,47903.59,17.6
2021-04-24,51,14.0,0.70,2619.41,0.00,0.70,41,48018.86,28.9
2021-04-25,55,14.5,9.70,0.00,0.00,9.70,72,48133.52,18.7
2021-04-26,55,14.1,7.70,0.00,0.00,7.70,264,48247.47,9.7
2021-04-27,3,16.5,0.00,34693.42,0.00,0.00,256,48360.62,15.3
2021-04-28,3,16.9,0.00,40800.21,0.00,0.00,255,48472.88,23.7
2021-04-29,3,18.0,0.00,39600.00,0.00,0.00,232,48584.14,40.4
2021-04-30,53,16.3,1.70,41768.80,0.00,1.70,306,48694.31,26.5
2021-05-01,3,16.3,0.00,43200.00,0.00,0.00,44,48803.29,28.8
2021-05-02,3,15.2,0.00,38213.67,0.00,0.00,107,48910.96,20.6
2021-05-03,53,18.5,5.20,31952.01,0.00,5.20,93,49017.24,21.2
2021-05-04,51,17.0,0.80,26251.64,0.00,0.80,329,49122.02,23.4
2021-05-05,51,19.6,0.10,40853.62,0.00,0.10,206,49225.18,18.4
2021-05-06,3,21.1,0.00,30610.30,0.00,0.00,225,49326.61,27.8
2021-05-07,3,18.4,0.00,41692.91,0.00,0.00,255,49426.21,17.6
2021-05-08,0,22.1,0.00,43183.06,0.00,0.00,177,49524.00,23.5
2021-05-09,3,23.7,0.00,43200.00,0.00,0.00,151,49620.76,17.7
2021-05-10,3,20.9,0.00,39600.00,0.00,0.00,51,49716.54,29.5
2021-05-11,3,17.1,0.00,16753.58,0.00,0.00,49,49811.25,21.2
2021-05-12,3,20.9,0.00,38947.02,0.00,0.00,94,49904.82,14.8
2021-05-13,61,21.2,6.80,6829.56,0.00,6.80,116,49997.14,16.2
2021-05-14,53,21.4,3.30,0.00,0.00,3.30,90,50088.13,18.8
2021-05-15,63,19.2,30.20,0.00,0.00,30.20,41,50177.69,26.3
2021-05-16,51,15.7,0.60,8046.17,0.00,0.60,330,50265.74,26.7
2021-05-17,3,18.8,0.00,32400.00,0.00,0.00,262,50352.18,10.3
2021-05-18,3,19.9,0.00,38134.84,0.00,0.00,179,50436.89,10.3
2021-05-19,51,18.7,0.90,13829.81,0.00,0.90,122,50519.80,16.3
2021-05-20,3,18.4,0.00,40813.66,0.00,0.00,144,50600.81,13.2
2021-05-21,3,22.5,0.00,39741.15,0.00,0.00,153,50679.80,14.8
2021-05-22,3,23.5,0.00,39675.21,0.00,0.00,149,50756.68,18.6
2021-05-23,3,20.7,0.00,13323.63,0.00,0.00,58,50831.35,18.6
2021-05-24,3,23.5,0.00,43552.81,0.00,0.00,234,50903.70,25.5
2021-05-25,3,22.6,0.00,32400.00,0.00,0.00,194,50973.62,18.9
2021-05-26,51,20.3,0.30,14862.00,0.00,0.30,219,51041.02,23.9
2021-05-27,3,24.9,0.00,43686.28,0.00,0.00,230,51105.78,27.0
2021-05-28,3,22.5,0.00,43396.57,0.00,0.00,292,51167.91,24.8
2021-05-29,3,25.3,0.00,43524.57,0.00,0.00,224,51227.93,21.7
2021-05-30,1,26.5,0.00,43365.21,0.00,0.00,195,51285.88,12.6
2021-05-31,3,27.2,0.00,42483.91,0.00,0.00,150,51341.71,16.8
2021-06-01,3,25.8,0.00,36027.75,0.00,0.00,117,51395.37,22.7
2021-06-02,65,25.1,23.60,28800.00,0.00,23.60,136,51446.80,20.0
2021-06-03,65,20.2,11.60,3737.83,0.00,11.60,308,51495.94,13.2
2021-06-04,0,24.0,0.00,44417.30,0.00,0.00,230,51542.73,21.4
2021-06-05,2,26.4,0.00,43513.18,0.00,0.00,231,51587.13,18.0
2021-06-06,3,27.8,0.00,42582.25,0.00,0.00,194,51629.08,17.8
2021-06-07,3,27.6,0.00,39900.81,0.00,0.00,165,51668.52,17.7
2021-06-08,3,26.2,0.00,36021.77,0.00,0.00,117,51705.39,16.8
2021-06-09,3,25.6,0.00,17752.63,0.00,0.00,56,51739.64,14.7
2021-06-10,3,27.0,0.00,43173.67,0.00,0.00,79,51771.23,14.3
2021-06-11,51,28.1,0.10,41899.70,0.00,0.10,123,51800.09,16.6
2021-06-12,3,28.8,0.00,35669.68,0.00,0.00,142,51826.18,16.1
2021-06-13,61,27.5,8.00,25419.96,0.00,8.00,169,51849.44,15.7
2021-06-14,65,26.7,71.60,1507.99,0.00,71.60,196,51869.83,29.5
2021-06-15,51,25.2,0.30,25786.12,0.00,0.30,43,51887.29,27.1
2021-06-16,51,24.4,0.20,21879.45,0.00,0.20,88,51901.78,16.3
2021-06-17,51,24.3,0.60,7007.90,0.00,0.60,345,51913.27,12.2
2021-06-18,51,22.0,0.80,4126.70,0.00,0.80,281,51921.83,11.9
2021-06-19,3,24.6,0.00,34399.39,0.00,0.00,246,51927.50,13.7
2021-06-20,3,25.7,0.00,44733.45,0.00,0.00,229,51930.31,12.2
2021-06-21,2,27.1,0.00,44734.81,0.00,0.00,195,51930.27,10.8
2021-06-22,1,27.8,0.00,44431.23,0.00,0.00,166,51927.39,10.1
2021-06-23,3,28.0,0.00,43251.07,0.00,0.00,118,51921.71,21.2
2021-06-24,3,28.2,0.00,38072.75,0.00,0.00,127,51913.25,17.7
2021-06-25,61,25.5,5.00,13036.07,0.00,5.00,142,51902.03,15.8
2021-06-26,51,26.6,0.10,34975.43,0.00,0.10,123,51888.07,9.9
2021-06-27,51,27.0,0.40,41787.18,0.00,0.40,80,51871.42,22.2
2021-06-28,3,27.6,0.00,41316.89,0.00,0.00,95,51852.08,13.9
2021-06-29,51,27.8,0.30,33137.88,0.00,0.30,126,51830.10,11.2
2021-06-30,53,28.1,1.90,44230.61,0.00,1.90,123,51805.50,31.1
2021-07-01,3,28.1,0.00,43135.30,0.00,0.00,100,51778.30,18.1
2021-07-02,65,27.1,54.70,35497.50,0.00,54.70,72,51748.56,30.3
2021-07-03,61,25.6,3.90,27272.39,0.00,3.90,317,51716.29,28.2
2021-07-04,3,26.6,0.00,40081.80,0.00,0.00,146,51681.53,15.5
2021-07-05,55,24.3,3.70,24103.95,0.00,3.70,108,51644.31,12.0
2021-07-06,65,24.3,101.90,0.00,0.00,101.90,114,51604.67,13.3
2021-07-07,65,24.3,25.60,0.00,0.00,25.60,76,51562.56,15.0
2021-07-08,3,26.8,0.00,23762.93,0.00,0.00,213,51517.59,15.7
2021-07-09,53,28.1,0.60,40299.32,0.00,0.60,201,51469.76,21.7
2021-07-10,51,29.6,0.20,39600.00,0.00,0.20,201,51419.17,19.3
2021-07-11,3,30.7,0.00,20691.05,0.00,0.00,167,51365.91,22.5
2021-07-12,63,29.2,32.10,17617.86,0.00,32.10,190,51310.06,24.4
2021-07-13,63,28.6,13.60,25588.07,0.00,13.60,179,51251.73,23.2
2021-07-14,61,29.5,3.00,38744.36,0.00,3.00,158,51190.99,22.2
2021-07-15,63,28.8,19.60,25283.25,0.00,19.60,135,51127.95,19.5
2021-07-16,65,25.9,54.10,0.00,0.00,54.10,137,51062.68,21.3
2021-07-17,65,26.1,15.60,25028.36,0.00,15.60,119,50995.29,26.0
2021-07-18,3,27.1,0.00,41833.75,0.00,0.00,99,50925.85,22.3
2021-07-19,3,27.5,0.00,40644.65,0.00,0.00,91,50854.46,19.8
2021-07-20,63,27.7,2.90,18754.73,0.00,2.90,107,50781.20,22.9
2021-07-21,51,27.5,0.20,36416.81,0.00,0.20,104,50706.17,22.1
2021-07-22,51,27.3,0.10,40648.97,0.00,0.10,85,50629.44,17.5
2021-07-23,51,27.0,0.30,5990.30,0.00,0.30,71,50551.10,18.6
2021-07-24,3,27.3,0.00,31648.08,0.00,0.00,61,50471.24,20.0
2021-07-25,51,27.5,0.10,19538.19,0.00,0.10,44,50389.94,21.8
2021-07-26,53,26.8,5.10,13205.73,0.00,5.10,44,50307.27,30.1
2021-07-27,65,25.6,84.60,0.00,0.00,84.60,49,50223.19,52.2
2021-07-28,65,25.4,83.50,0.00,0.00,83.50,111,50136.99,45.1
2021-07-29,51,24.4,0.70,6497.14,0.00,0.70,230,50048.64,25.8
2021-07-30,3,27.2,0.00,40360.48,0.00,0.00,231,49958.28,18.8
2021-07-31,53,29.0,0.80,44407.99,0.00,0.80,163,49866.00,13.5
2021-08-01,61,29.3,3.50,38223.48,0.00,3.50,80,49771.91,17.5
2021-08-02,51,27.6,1.70,40620.41,0.00,1.70,69,49676.13,13.8
2021-08-03,1,27.9,0.00,43040.59,0.00,0.00,79,49578.76,18.9
2021-08-04,51,28.5,0.80,43804.50,0.00,0.80,112,49479.91,14.7
2021-08-05,61,28.4,2.50,40773.01,0.00,2.50,107,49379.67,13.3
2021-08-06,63,27.7,7.00,36504.46,0.00,7.00,80,49278.16,11.9
2021-08-07,51,27.6,1.00,36237.09,0.00,1.00,88,49175.47,13.8
2021-08-08,51,28.1,0.20,40694.35,0.00,0.20,49,49071.70,7.2
2021-08-09,3,27.7,0.00,32049.24,0.00,0.00,215,48966.95,9.0
2021-08-10,3,28.1,0.00,30752.18,0.00,0.00,93,48861.30,12.6
2021-08-11,3,27.7,0.00,29122.99,0.00,0.00,78,48754.86,14.8
2021-08-12,51,26.8,0.50,26815.55,0.00,0.50,64,48647.71,17.0
2021-08-13,61,23.8,16.00,3600.00,0.00,16.00,45,48539.96,19.2
2021-08-14,53,24.8,0.90,43251.33,0.00,0.90,66,48431.67,13.2
2021-08-15,51,26.2,0.10,39600.00,0.00,0.10,87,48322.95,13.8
2021-08-16,3,25.3,0.00,20653.72,0.00,0.00,79,48213.72,10.5
2021-08-17,51,26.7,0.90,42880.51,0.00,0.90,34,48103.18,12.5
2021-08-18,3,25.8,0.00,43405.63,0.00,0.00,80,47991.28,11.8
2021-08-19,61,27.1,3.40,36000.00,0.00,3.40,125,47878.12,16.2
2021-08-20,63,24.5,16.60,14219.80,0.00,16.60,231,47763.81,25.2
2021-08-21,3,25.8,0.00,39621.47,0.00,0.00,131,47648.43,9.9
2021-08-22,63,26.4,13.20,1482.97,0.00,13.20,118,47532.07,21.5
2021-08-23,63,25.2,13.30,10993.40,0.00,13.30,248,47414.84,19.3
2021-08-24,3,25.4,0.00,41132.14,0.00,0.00,244,47296.82,13.7
2021-08-25,51,27.2,0.10,32400.00,0.00,0.10,230,47178.09,19.1
2021-08-26,63,22.8,13.80,2959.55,0.00,13.80,310,47058.75,15.2
2021-08-27,63,21.4,14.90,702.79,0.00,14.90,47,46938.89,13.9
2021-08-28,61,23.1,2.70,17365.37,0.00,2.70,73,46818.59,12.2
2021-08-29,61,25.0,6.50,12181.44,0.00,6.50,99,46697.92,15.5
2021-08-30,63,26.2,4.30,3406.80,0.00,4.30,103,46576.97,14.1
2021-08-31,61,27.0,2.50,32689.51,0.00,2.50,296,46455.83,18.8
2021-09-01,63,23.5,28.00,1993.06,0.00,28.00,49,46334.57,16.1
2021-09-02,51,23.3,0.20,23657.72,0.00,0.20,78,46213.27,11.8
2021-09-03,51,24.7,0.20,39375.38,0.00,0.20,102,46092.02,17.3
2021-09-04,65,23.3,51.90,9949.63,0.00,51.90,113,45970.88,31.2
2021-09-05,3,23.1,0.00,5814.40,0.00,0.00,308,45849.77,20.1
2021-09-06,51,23.3,0.30,16709.91,0.00,0.30,308,45727.89,21.3
2021-09-07,3,21.9,0.00,18864.27,0.00,0.00,309,45605.16,11.5
2021-09-08,3,24.2,0.00,39599.24,0.00,0.00,170,45481.68,11.6
2021-09-09,51,24.5,0.80,22766.95,0.00,0.80,178,45357.52,13.5
2021-09-10,3,25.9,0.00,39737.49,0.00,0.00,133,45232.77,10.4
2021-09-11,3,26.5,0.00,40638.47,0.00,0.00,114,45107.50,13.3
2021-09-12,3,24.8,0.00,38439.66,0.00,0.00,66,44981.80,19.5
2021-09-13,1,24.4,0.00,41942.23,0.00,0.00,38,44855.75,23.7
2021-09-14,3,24.2,0.00,41422.93,0.00,0.00,29,44729.43,18.7
2021-09-15,3,24.1,0.00,37211.40,0.00,0.00,65,44602.91,14.3
2021-09-16,3,23.9,0.00,39035.25,0.00,0.00,73,44476.27,11.6
2021-09-17,3,24.2,0.00,36663.46,0.00,0.00,47,44349.58,11.6
2021-09-18,51,24.5,0.10,38743.50,0.00,0.10,100,44222.93,19.8
2021-09-19,65,25.1,44.30,32178.46,0.00,44.30,154,44096.39,25.3
2021-09-20,51,20.9,0.10,3481.43,0.00,0.10,247,43970.04,28.1
2021-09-21,0,24.2,0.00,39724.14,0.00,0.00,232,43843.94,20.0
2021-09-22,3,26.1,0.00,36147.94,0.00,0.00,122,43718.19,12.1
2021-09-23,3,26.7,0.00,36070.37,0.00,0.00,113,43592.84,20.2
2021-09-24,53,25.7,1.10,32400.00,0.00,1.10,121,43467.98,26.4
2021-09-25,55,23.7,4.40,17812.18,0.00,4.40,110,43343.54,25.4
2021-09-26,51,24.9,1.00,34682.83,0.00,1.00,143,43218.64,20.7
2021-09-27,3,23.2,0.00,13331.68,0.00,0.00,334,43093.21,17.8
2021-09-28,63,22.7,16.50,34029.93,0.00,16.50,26,42967.33,16.6
2021-09-29,0,21.6,0.00,37292.75,0.00,0.00,36,42841.10,10.7
2021-09-30,3,22.9,0.00,36412.36,0.00,0.00,186,42714.59,14.0
2021-10-01,3,24.3,0.00,33108.10,0.00,0.00,179,42587.89,10.1
2021-10-02,3,25.9,0.00,36363.41,0.00,0.00,148,42461.09,18.7
2021-10-03,3,27.9,0.00,33380.79,0.00,0.00,165,42334.25,22.0
2021-10-04,3,27.3,0.00,36000.00,0.00,0.00,100,42207.48,20.2
2021-10-05,53,21.9,1.80,1426.75,0.00,1.80,48,42080.86,26.7
2021-10-06,3,21.9,0.00,25470.64,0.00,0.00,17,41954.46,21.1
2021-10-07,55,17.9,7.70,0.00,0.00,7.70,28,41828.38,20.2
2021-10-08,53,19.4,0.50,3829.79,0.00,0.50,36,41702.70,21.6
2021-10-09,61,22.4,8.30,26236.92,0.00,8.30,354,41577.52,21.4
2021-10-10,63,16.1,18.10,0.00,0.00,18.10,12,41452.92,27.1
2021-10-11,3,16.1,0.00,34900.16,0.00,0.00,28,41328.98,20.1
2021-10-12,3,16.2,0.00,26446.49,0.00,0.00,35,41205.80,18.7
2021-10-13,51,19.5,0.30,36000.00,0.00,0.30,27,41083.48,16.6
2021-10-14,63,19.1,15.80,0.00,0.00,15.80,30,40962.10,17.7
2021-10-15,61,16.7,11.10,0.00,0.00,11.10,7,40841.59,27.8
2021-10-16,3,11.6,0.00,5814.58,0.00,0.00,26,40720.99,29.1
2021-10-17,3,9.9,0.00,36000.00,0.00,0.00,171,40600.24,12.3
2021-10-18,3,12.4,0.00,28843.11,0.00,0.00,202,40479.42,14.4
2021-10-19,3,12.7,0.00,11160.58,0.00,0.00,41,40358.63,23.2
2021-10-20,3,10.4,0.00,0.00,0.00,0.00,338,40237.98,11.7
2021-10-21,51,11.4,0.10,19708.79,0.00,0.10,314,40117.57,12.5
2021-10-22,3,12.7,0.00,36000.00,0.00,0.00,22,39997.48,12.8
2021-10-23,3,13.8,0.00,31526.95,0.00,0.00,98,39877.84,10.4
2021-10-24,3,13.4,0.00,11950.86,0.00,0.00,118,39758.73,9.5
2021-10-25,3,14.1,0.00,35815.54,0.00,0.00,135,39640.29,9.3
2021-10-26,3,15.2,0.00,27717.46,0.00,0.00,122,39522.59,9.6
2021-10-27,3,15.8,0.00,32400.00,0.00,0.00,78,39405.76,11.8
2021-10-28,3,14.4,0.00,25581.33,0.00,0.00,129,39289.91,9.7
2021-10-29,3,14.7,0.00,28984.26,0.00,0.00,171,39175.15,9.3
2021-10-30,0,15.7,0.00,34932.35,0.00,0.00,196,39061.60,9.6
2021-10-31,51,17.2,0.10,30787.08,0.00,0.10,53,38949.37,18.9
2021-11-01,3,14.3,0.00,25200.00,0.00,0.00,63,38838.59,19.7
2021-11-02,51,14.0,0.10,22829.60,0.00,0.10,149,38729.38,12.0
2021-11-03,3,14.9,0.00,31280.45,0.00,0.00,202,38621.85,10.7
2021-11-04,51,16.7,0.20,32400.00,0.00,0.20,109,38515.95,12.3
2021-11-05,53,16.6,2.50,0.00,0.00,2.50,78,38410.69,20.2
2021-11-06,53,17.0,1.60,8971.04,0.00,1.60,97,38305.97,17.7
2021-11-07,71,3.5,20.70,0.00,0.07,20.80,304,38201.91,37.0
2021-11-08,0,4.2,0.00,34434.14,0.00,0.00,285,38098.62,23.7
2021-11-09,0,6.7,0.00,34265.62,0.00,0.00,267,37996.23,20.2
2021-11-10,0,8.0,0.00,33904.98,0.00,0.00,287,37894.84,22.1
2021-11-11,0,7.5,0.00,33989.81,0.00,0.00,297,37794.57,19.4
2021-11-12,0,8.5,0.00,33634.23,0.00,0.00,236,37695.56,11.2
2021-11-13,0,8.9,0.00,33572.05,0.00,0.00,233,37597.91,17.3
2021-11-14,3,9.6,0.00,33366.24,0.00,0.00,205,37501.75,11.2
2021-11-15,3,12.2,0.00,28059.85,0.00,0.00,100,37407.21,9.8
2021-11-16,3,12.2,0.00,32797.29,0.00,0.00,67,37314.43,13.1
2021-11-17,3,11.7,0.00,2836.83,0.00,0.00,195,37223.52,10.6
2021-11-18,3,12.5,0.00,32786.91,0.00,0.00,175,37134.62,13.4
2021-11-19,3,13.7,0.00,29888.83,0.00,0.00,124,37047.88,11.2
2021-11-20,63,14.6,12.20,25227.06,0.00,12.20,83,36963.42,14.1
2021-11-21,3,9.5,0.00,6577.04,0.00,0.00,325,36881.39,28.3
2021-11-22,0,2.6,0.00,32427.61,0.00,0.00,311,36801.91,24.0
2021-11-23,0,4.7,0.00,32411.92,0.00,0.00,224,36725.14,16.9
2021-11-24,0,7.6,0.00,32117.39,0.00,0.00,228,36651.05,18.1
2021-11-25,0,8.9,0.00,31951.90,0.00,0.00,55,36578.82,9.1
2021-11-26,0,8.3,0.00,31502.97,0.00,0.00,65,36508.35,9.7
2021-11-27,3,9.4,0.00,31060.97,0.00,0.00,106,36439.75,16.6
2021-11-28,51,11.3,0.10,26705.53,0.00,0.10,116,36373.11,16.5
2021-11-29,53,10.8,1.10,29691.66,0.00,1.10,290,36308.52,33.4
2021-11-30,51,4.4,0.20,30882.52,0.00,0.20,315,36246.06,28.3
2021-12-01,3,2.9,0.00,31170.92,0.00,0.00,246,36185.84,12.5
2021-12-02,0,5.1,0.00,31291.83,0.00,0.00,248,36127.94,19.8
2021-12-03,0,5.9,0.00,31013.50,0.00,0.00,239,36072.46,9.3
2021-12-04,3,5.7,0.00,30598.80,0.00,0.00,144,36019.50,11.0
2021-12-05,0,6.5,0.00,30722.90,0.00,0.00,161,35969.14,10.3
2021-12-06,3,7.8,0.00,30454.48,0.00,0.00,10,35921.47,20.4
2021-12-07,3,6.9,0.00,28514.29,0.00,0.00,51,35876.61,17.1
2021-12-08,53,8.9,0.90,22880.80,0.00,0.90,106,35834.62,13.4
2021-12-09,2,7.9,0.00,29297.86,0.00,0.00,295,35795.62,11.9
2021-12-10,3,8.3,0.00,29539.14,0.00,0.00,71,35759.70,14.4
2021-12-11,53,8.4,3.30,0.00,0.00,3.30,355,35726.94,16.2
2021-12-12,3,4.3,0.00,20514.25,0.00,0.00,28,35697.43,22.2
2021-12-13,3,4.1,0.00,30061.71,0.00,0.00,165,35671.28,13.2
2021-12-14,3,7.0,0.00,23381.27,0.00,0.00,214,35648.50,19.8
2021-12-15,51,9.3,0.10,27419.70,0.00,0.10,107,35628.80,7.7
2021-12-16,3,7.9,0.00,29454.78,0.00,0.00,360,35612.11,22.0
2021-12-17,3,0.1,0.00,29298.18,0.00,0.00,358,35598.44,23.5
2021-12-18,3,1.0,0.00,27844.65,0.00,0.00,233,35587.79,19.3
2021-12-19,3,5.3,0.00,30359.11,0.00,0.00,218,35580.15,16.4
2021-12-20,0,7.1,0.00,30499.90,0.00,0.00,237,35575.53,17.9
2021-12-21,0,5.5,0.00,30672.98,0.00,0.00,95,35573.91,11.2
2021-12-22,0,6.1,0.00,30403.27,0.00,0.00,87,35575.28,10.6
2021-12-23,51,6.5,0.70,30199.96,0.00,0.70,54,35579.64,28.8
2021-12-24,71,-1.7,0.40,0.00,0.14,0.60,25,35586.99,27.2
2021-12-25,2,-4.2,0.00,30360.02,0.00,0.00,3,35597.30,20.9
2021-12-26,3,-4.5,0.00,31048.00,0.00,0.00,307,35610.57,15.6
2021-12-27,3,-2.5,0.00,31060.84,0.00,0.00,235,35626.79,11.4
2021-12-28,3,0.7,0.00,30827.77,0.00,0.00,220,35645.94,15.6
2021-12-29,0,0.7,0.00,31318.12,0.00,0.00,302,35668.00,16.4
2021-12-30,3,0.6,0.00,31361.11,0.00,0.00,302,35692.96,14.0
2021-12-31,3,2.5,0.00,26921.15,0.00,0.00,143,35720.80,13.4
2022-01-01,3,2.8,0.00,30632.17,0.00,0.00,145,35751.50,13.9
2022-01-02,3,1.8,0.00,30507.31,0.00,0.00,85,35785.05,13.8
2022-01-03,3,2.9,0.00,31269.72,0.00,0.00,74,35821.49,16.3
2022-01-04,73,3.5,10.20,0.00,1.26,12.00,65,35861.25,22.1
2022-01-05,53,1.1,3.00,0.00,0.00,3.00,35,35904.29,21.8
2022-01-06,3,1.9,0.00,23181.43,0.00,0.00,54,35950.51,12.0
2022-01-07,3,2.7,0.00,29005.10,0.00,0.00,226,35999.80,8.3
2022-01-08,3,3.2,0.00,15513.09,0.00,0.00,283,36052.06,8.4
2022-01-09,3,4.1,0.00,30833.78,0.00,0.00,79,36107.18,7.1
2022-01-10,51,2.6,1.40,83.14,0.00,1.40,6,36165.05,17.9
2022-01-11,3,0.2,0.00,31960.02,0.00,0.00,141,36225.57,10.6
2022-01-12,51,2.3,0.10,25279.72,0.00,0.10,316,36288.63,22.6
2022-01-13,3,-0.7,0.00,32170.60,0.00,0.00,299,36354.12,12.3
2022-01-14,3,-0.3,0.00,4976.87,0.00,0.00,171,36421.94,15.8
2022-01-15,3,3.2,0.00,32097.23,0.00,0.00,322,36491.98,14.9
2022-01-16,3,2.0,0.00,31532.81,0.00,0.00,92,36564.14,15.0
2022-01-17,1,2.3,0.00,32214.33,0.00,0.00,78,36638.32,10.9
2022-01-18,3,3.8,0.00,26344.47,0.00,0.00,132,36714.41,12.2
2022-01-19,3,2.7,0.00,23310.64,0.00,0.00,50,36792.32,23.2
2022-01-20,3,-0.3,0.00,32388.92,0.00,0.00,62,36871.95,19.6
2022-01-21,51,3.2,0.10,11604.84,0.00,0.10,84,36953.18,18.0
2022-01-22,53,3.8,6.00,0.00,0.00,6.00,45,37035.93,25.1
2022-01-23,51,1.4,0.10,0.00,0.00,0.10,32,37120.29,26.5
2022-01-24,71,0.4,0.00,9356.67,0.14,0.20,313,37207.12,11.1
2022-01-25,3,2.7,0.00,24646.69,0.00,0.00,55,37296.49,11.8
2022-01-26,51,3.0,0.50,11333.99,0.00,0.50,50,37388.22,17.6
2022-01-27,3,2.2,0.00,23584.50,0.00,0.00,45,37482.19,17.1
2022-01-28,3,0.9,0.00,12672.73,0.00,0.00,31,37578.24,15.4
2022-01-29,3,1.5,0.00,29152.85,0.00,0.00,163,37676.25,8.7
2022-01-30,3,1.8,0.00,32984.72,0.00,0.00,245,37776.08,12.1
2022-01-31,3,1.8,0.00,32400.00,0.00,0.00,316,37877.59,16.1
2022-02-01,3,0.9,0.00,32400.00,0.00,0.00,71,37980.66,12.8
2022-02-02,3,1.4,0.00,23518.33,0.00,0.00,98,38085.14,8.9
2022-02-03,3,1.6,0.00,31230.69,0.00,0.00,255,38190.93,10.0
2022-02-04,1,2.2,0.00,33485.00,0.00,0.00,5,38297.88,18.0
2022-02-05,3,0.5,0.00,32474.11,0.00,0.00,351,38405.88,9.1
2022-02-06,71,2.8,0.00,25554.20,0.56,0.80,102,38514.80,10.0
2022-02-07,73,0.2,0.00,0.00,1.61,2.30,28,38624.54,16.0
2022-02-08,3,2.8,0.00,30403.61,0.00,0.00,263,38734.96,9.1
2022-02-09,3,3.2,0.00,11783.59,0.00,0.00,201,38845.96,13.8
2022-02-10,3,4.2,0.00,14005.39,0.00,0.00,122,38957.42,8.7
2022-02-11,3,5.4,0.00,15057.66,0.00,0.00,78,39069.23,16.3
2022-02-12,51,5.8,0.20,23199.29,0.00,0.20,62,39181.48,14.1
2022-02-13,51,5.1,0.10,30077.62,0.00,0.10,220,39295.20,9.8
2022-02-14,3,4.7,0.00,8708.01,0.00,0.00,48,39410.44,20.3
2022-02-15,71,1.1,0.00,0.00,0.14,0.20,83,39527.09,18.2
2022-02-16,71,1.0,0.00,1689.85,0.14,0.20,68,39645.04,26.9
2022-02-17,3,0.3,0.00,6565.96,0.00,0.00,75,39764.17,25.1
2022-02-18,71,1.3,0.90,6650.75,0.07,1.00,32,39884.36,14.7
2022-02-19,3,-0.0,0.00,30314.51,0.00,0.00,338,40005.49,23.7
2022-02-20,3,1.0,0.00,36302.51,0.00,0.00,229,40127.46,13.7
2022-02-21,3,3.6,0.00,31652.61,0.00,0.00,263,40250.15,16.6
2022-02-22,3,3.5,0.00,30187.48,0.00,0.00,65,40373.47,16.7
2022-02-23,3,1.9,0.00,36009.06,0.00,0.00,101,40497.30,16.4
2022-02-24,0,4.6,0.00,36604.60,0.00,0.00,185,40621.54,11.9
2022-02-25,3,7.1,0.00,37207.34,0.00,0.00,195,40746.09,15.8
2022-02-26,3,7.2,0.00,37556.29,0.00,0.00,294,40870.84,22.2
2022-02-27,3,9.0,0.00,37776.04,0.00,0.00,146,40995.69,15.3
2022-02-28,53,12.7,0.90,31402.15,0.00,0.90,292,41120.55,21.3
2022-03-01,3,7.1,0.00,36283.89,0.00,0.00,353,41245.32,26.5
2022-03-02,3,9.0,0.00,38307.16,0.00,0.00,224,41369.90,19.9
2022-03-03,3,13.3,0.00,32626.18,0.00,0.00,225,41494.19,15.1
2022-03-04,3,13.5,0.00,38490.54,0.00,0.00,344,41618.27,26.6
2022-03-05,3,9.1,0.00,37324.95,0.00,0.00,93,41743.12,18.4
2022-03-06,3,8.7,0.00,25120.75,0.00,0.00,148,41868.81,16.6
2022-03-07,2,10.4,0.00,34748.48,0.00,0.00,231,41995.26,19.0
2022-03-08,0,12.9,0.00,38650.44,0.00,0.00,166,42122.38,11.7
2022-03-09,3,14.7,0.00,38508.70,0.00,0.00,133,42250.07,16.1
2022-03-10,51,13.7,0.30,25136.37,0.00,0.30,93,42378.24,11.4
2022-03-11,3,13.8,0.00,38670.98,0.00,0.00,83,42506.82,25.6
2022-03-12,65,17.0,45.30,30650.29,0.00,45.30,115,42635.70,17.8
2022-03-13,63,15.4,12.30,38835.27,0.00,12.30,84,42764.81,21.0
2022-03-14,3,14.0,0.00,27568.12,0.00,0.00,125,42894.06,16.7
2022-03-15,3,15.0,0.00,32400.00,0.00,0.00,147,43023.36,17.7
2022-03-16,63,12.9,36.20,28673.67,0.00,36.20,57,43152.62,40.7
2022-03-17,53,5.4,3.70,3600.00,0.00,3.70,28,43281.77,38.8
2022-03-18,51,8.5,0.10,21298.81,0.00,0.10,317,43410.70,26.0
2022-03-19,71,5.1,0.90,16412.13,0.21,1.20,52,43539.35,21.9
2022-03-20,3,5.7,0.00,13456.41,0.00,0.00,90,43667.62,18.4
2022-03-21,53,5.8,2.40,0.00,0.00,2.40,72,43795.43,17.4
2022-03-22,3,8.3,0.00,27761.84,0.00,0.00,108,43922.68,13.8
2022-03-23,3,10.0,0.00,38588.83,0.00,0.00,212,44049.30,19.0
2022-03-24,63,13.2,11.50,37063.82,0.00,11.50,141,44175.36,23.1
2022-03-25,61,11.2,11.90,392.03,0.00,11.90,331,44301.75,23.1
2022-03-26,3,12.5,0.00,34715.63,0.00,0.00,278,44428.55,24.5
2022-03-27,3,10.2,0.00,33632.54,0.00,0.00,92,44555.70,27.1
2022-03-28,3,10.5,0.00,40092.48,0.00,0.00,136,44683.10,19.9
2022-03-29,51,13.9,0.10,39600.00,0.00,0.10,148,44810.68,18.9
2022-03-30,3,14.6,0.00,32532.68,0.00,0.00,52,44938.36,19.6
2022-03-31,3,10.4,0.00,15065.97,0.00,0.00,54,45066.06,18.9
2022-04-01,3,8.7,0.00,37012.81,0.00,0.00,106,45193.69,19.6
2022-04-02,2,10.7,0.00,37049.30,0.00,0.00,162,45321.17,15.5
2022-04-03,3,12.4,0.00,39600.00,0.00,0.00,157,45448.43,17.3
2022-04-04,3,14.0,0.00,38832.36,0.00,0.00,160,45575.36,18.5
2022-04-05,3,15.9,0.00,31628.70,0.00,0.00,180,45701.91,15.4
2022-04-06,61,15.0,4.20,30706.83,0.00,4.20,68,45827.96,26.7
2022-04-07,3,15.7,0.00,33250.68,0.00,0.00,107,45953.45,11.4
2022-04-08,0,20.9,0.00,41341.85,0.00,0.00,192,46078.28,19.1
2022-04-09,3,21.7,0.00,41340.91,0.00,0.00,175,46202.36,21.7
2022-04-10,0,22.1,0.00,41339.18,0.00,0.00,172,46325.59,15.9
2022-04-11,3,23.8,0.00,39553.49,0.00,0.00,184,46447.90,15.6
2022-04-12,3,17.0,0.00,28118.38,0.00,0.00,40,46569.18,27.7
2022-04-13,3,12.7,0.00,3386.58,0.00,0.00,49,46689.50,22.1
2022-04-14,3,14.2,0.00,32138.49,0.00,0.00,49,46809.71,20.7
2022-04-15,3,14.5,0.00,35002.80,0.00,0.00,37,46929.90,22.0
2022-04-16,3,12.6,0.00,39950.77,0.00,0.00,184,47049.98,11.9
2022-04-17,3,15.2,0.00,28502.75,0.00,0.00,163,47169.86,15.7
2022-04-18,51,16.4,0.10,31637.03,0.00,0.10,260,47289.46,9.8
2022-04-19,3,16.7,0.00,39660.28,0.00,0.00,195,47408.70,11.7
2022-04-20,3,18.0,0.00,26948.91,0.00,0.00,194,47527.48,19.9
2022-04-21,2,21.2,0.00,42421.11,0.00,0.00,207,47645.72,23.5
2022-04-22,3,21.1,0.00,37503.93,0.00,0.00,72,47763.33,24.5
2022-04-23,3,20.9,0.00,42397.03,0.00,0.00,151,47880.21,13.8
2022-04-24,3,23.4,0.00,36958.23,0.00,0.00,144,47996.29,17.6
2022-04-25,63,17.8,13.30,0.00,0.00,13.30,62,48111.44,20.2
2022-04-26,53,20.3,1.00,28808.89,0.00,1.00,61,48225.58,28.2
2022-04-27,3,16.4,0.00,40182.08,0.00,0.00,87,48338.61,27.8
2022-04-28,61,13.0,3.90,25215.79,0.00,3.90,44,48450.43,25.2
2022-04-29,3,12.8,0.00,37887.42,0.00,0.00,321,48560.93,8.6
2022-04-30,51,15.0,0.10,14994.99,0.00,0.10,10,48670.02,10.3
2022-05-01,3,16.4,0.00,43200.00,0.00,0.00,236,48777.57,18.8
2022-05-02,1,18.3,0.00,42045.89,0.00,0.00,165,48883.49,8.9
2022-05-03,0,21.0,0.00,43200.00,0.00,0.00,197,48987.81,15.8
2022-05-04,0,21.7,0.00,43200.00,0.00,0.00,183,49091.33,19.9
2022-05-05,3,22.3,0.00,43200.00,0.00,0.00,161,49194.12,17.7
2022-05-06,3,22.4,0.00,41035.84,0.00,0.00,102,49296.09,26.6
2022-05-07,51,16.9,0.10,37403.25,0.00,0.10,75,49397.14,31.9
2022-05-08,3,17.7,0.00,39600.00,0.00,0.00,82,49497.20,24.6
2022-05-09,53,15.6,2.60,5132.10,0.00,2.60,65,49596.16,19.3
2022-05-10,53,15.3,1.00,23614.16,0.00,1.00,89,49693.94,14.0
2022-05-11,3,17.7,0.00,19615.00,0.00,0.00,63,49790.42,19.4
2022-05-12,3,18.6,0.00,41874.52,0.00,0.00,59,49885.54,24.8
2022-05-13,3,15.1,0.00,19985.52,0.00,0.00,356,49979.16,19.4
2022-05-14,3,16.6,0.00,21600.00,0.00,0.00,312,50071.20,10.5
2022-05-15,3,18.5,0.00,41029.63,0.00,0.00,250,50161.57,15.5
2022-05-16,2,20.5,0.00,43323.61,0.00,0.00,229,50250.14,20.6
2022-05-17,2,22.6,0.00,43316.09,0.00,0.00,224,50336.82,22.7
2022-05-18,3,23.3,0.00,36280.57,0.00,0.00,204,50421.50,18.4
2022-05-19,3,20.1,0.00,16313.88,0.00,0.00,213,50504.07,18.8
2022-05-20,2,22.1,0.00,43293.08,0.00,0.00,226,50584.43,10.5
2022-05-21,3,23.7,0.00,40993.72,0.00,0.00,203,50662.46,10.5
2022-05-22,3,24.3,0.00,39732.62,0.00,0.00,162,50738.04,16.4
2022-05-23,2,24.5,0.00,43560.18,0.00,0.00,154,50811.20,19.5
2022-05-24,3,23.6,0.00,42626.70,0.00,0.00,167,50882.53,16.2
2022-05-25,53,22.6,1.60,34638.71,0.00,1.60,62,50952.08,27.8
2022-05-26,3,21.3,0.00,42610.97,0.00,0.00,215,51019.80,11.0
2022-05-27,3,24.4,0.00,32400.00,0.00,0.00,206,51085.60,12.6
2022-05-28,3,25.1,0.00,31010.21,0.00,0.00,192,51149.43,19.9
2022-05-29,51,25.4,0.50,23277.85,0.00,0.50,66,51211.20,25.1
2022-05-30,3,23.7,0.00,39512.76,0.00,0.00,160,51270.85,19.4
2022-05-31,51,24.8,0.10,35866.25,0.00,0.10,177,51328.31,21.7
2022-06-01,3,28.4,0.00,43818.23,0.00,0.00,192,51383.51,15.6
2022-06-02,3,28.8,0.00,43505.15,0.00,0.00,156,51436.37,18.5
2022-06-03,3,28.1,0.00,40209.91,0.00,0.00,128,51486.82,23.1
2022-06-04,53,25.6,3.40,5065.28,0.00,3.40,65,51534.80,18.9
2022-06-05,53,24.7,0.50,20410.66,0.00,0.50,130,51580.24,14.8
2022-06-06,3,26.6,0.00,44277.59,0.00,0.00,24,51623.05,22.6
2022-06-07,3,23.9,0.00,39357.79,0.00,0.00,122,51663.17,17.5
2022-06-08,53,25.5,0.50,32641.47,0.00,0.50,145,51700.54,30.8
2022-06-09,3,27.2,0.00,36339.81,0.00,0.00,130,51735.08,17.9
2022-06-10,61,23.1,3.30,15118.17,0.00,3.30,86,51766.71,23.0
2022-06-11,3,26.0,0.00,40341.23,0.00,0.00,143,51795.39,16.4
2022-06-12,3,23.5,0.00,12973.70,0.00,0.00,157,51821.07,24.5
2022-06-13,63,24.5,9.80,44100.12,0.00,9.80,98,51843.98,21.4
2022-06-14,63,23.1,2.90,36932.96,0.00,2.90,271,51864.14,14.0
2022-06-15,2,27.1,0.00,42991.59,0.00,0.00,133,51881.56,19.6
2022-06-16,55,29.6,1.10,36090.87,0.00,1.10,197,51896.22,21.7
2022-06-17,3,30.7,0.00,44425.23,0.00,0.00,195,51908.14,17.5
2022-06-18,3,30.8,0.00,44426.00,0.00,0.00,150,51917.32,20.2
2022-06-19,3,30.6,0.00,40459.95,0.00,0.00,114,51923.74,14.3
2022-06-20,3,29.6,0.00,44596.36,0.00,0.00,110,51927.42,16.8
2022-06-21,3,30.3,0.00,44309.36,0.00,0.00,142,51928.36,17.4
2022-06-22,63,31.5,5.30,39635.30,0.00,5.30,194,51926.57,21.1
2022-06-23,61,27.2,6.90,17314.09,0.00,6.90,249,51922.04,29.5
2022-06-24,3,30.0,0.00,43492.98,0.00,0.00,216,51914.79,18.3
2022-06-25,51,31.5,0.50,39019.71,0.00,0.50,194,51904.82,18.8
2022-06-26,63,29.3,9.90,12826.67,0.00,9.90,185,51892.15,20.7
2022-06-27,65,26.5,72.90,0.00,0.00,72.90,215,51876.79,20.0
2022-06-28,63,28.1,9.10,30406.46,0.00,9.10,223,51858.73,18.4
2022-06-29,63,29.3,6.80,40976.64,0.00,6.80,213,51838.01,16.8
2022-06-30,65,27.4,9.20,38324.18,0.00,9.20,154,51814.62,19.7
2022-07-01,63,27.2,9.20,38748.00,0.00,9.20,139,51788.60,19.6
2022-07-02,3,28.8,0.00,42146.64,0.00,0.00,128,51759.89,18.9
2022-07-03,63,28.8,6.10,39600.00,0.00,6.10,119,51728.20,17.1
2022-07-04,63,26.9,21.40,8855.67,0.00,21.40,106,51693.57,14.4
2022-07-05,63,27.8,12.80,12239.71,0.00,12.80,106,51656.06,25.4
2022-07-06,51,27.1,1.80,34329.71,0.00,1.80,233,51615.75,23.7
2022-07-07,3,27.8,0.00,43685.18,0.00,0.00,239,51572.72,10.1
2022-07-08,51,30.0,0.10,45913.24,0.00,0.10,158,51527.04,9.0
2022-07-09,53,30.0,1.30,42396.35,0.00,1.30,153,51478.80,13.0
2022-07-10,63,28.2,19.20,26982.92,0.00,19.20,244,51428.07,11.7
2022-07-11,51,30.2,0.60,38954.17,0.00,0.60,117,51374.92,21.0
2022-07-12,51,31.5,0.40,44383.39,0.00,0.40,222,51319.44,20.1
2022-07-13,61,30.5,2.60,37932.00,0.00,2.60,288,51261.71,17.9
2022-07-14,63,28.5,5.80,9778.41,0.00,5.80,316,51201.80,11.0
2022-07-15,51,30.3,0.10,41819.68,0.00,0.10,87,51139.79,11.3
2022-07-16,63,27.8,19.40,8951.83,0.00,19.40,126,51075.75,17.3
2022-07-17,51,26.7,1.40,27462.25,0.00,1.40,341,51009.77,18.0
2022-07-18,51,27.8,0.10,45053.93,0.00,0.10,187,50941.91,9.8
2022-07-19,61,28.7,1.90,36000.00,0.00,1.90,139,50872.26,13.8
2022-07-20,61,25.3,6.20,4319.11,0.00,6.20,247,50800.88,19.9
2022-07-21,3,26.4,0.00,45205.62,0.00,0.00,260,50727.86,13.1
2022-07-22,65,28.7,17.60,29392.20,0.00,17.60,183,50653.14,20.7
2022-07-23,51,24.6,0.40,17340.28,0.00,0.40,278,50576.08,28.9
2022-07-24,1,26.9,0.00,44408.30,0.00,0.00,153,50496.66,10.0
2022-07-25,3,28.6,0.00,41432.08,0.00,0.00,132,50415.00,19.0
2022-07-26,55,26.4,1.80,19005.77,0.00,1.80,108,50331.20,16.4
2022-07-27,3,28.2,0.00,43795.17,0.00,0.00,104,50245.38,9.7
2022-07-28,63,27.5,17.20,29314.02,0.00,17.20,100,50157.64,14.5
2022-07-29,65,25.3,49.30,3600.00,0.00,49.30,88,50068.09,15.6
2022-07-30,61,26.9,3.90,34482.08,0.00,3.90,65,49976.85,21.3
2022-07-31,51,27.9,0.10,44229.27,0.00,0.10,41,49884.01,12.7
2022-08-01,51,28.9,0.20,43819.87,0.00,0.20,250,49789.67,8.2
2022-08-02,53,29.8,0.70,41249.26,0.00,0.70,123,49693.94,12.4
2022-08-03,51,30.5,0.50,43504.53,0.00,0.50,120,49596.91,15.8
2022-08-04,2,31.5,0.00,43975.75,0.00,0.00,160,49498.68,10.7
2022-08-05,3,31.9,0.00,43200.00,0.00,0.00,204,49399.36,10.9
2022-08-06,51,31.3,0.40,38862.36,0.00,0.40,192,49299.03,12.6
2022-08-07,3,31.7,0.00,43708.43,0.00,0.00,188,49197.78,17.7
2022-08-08,3,32.2,0.00,39266.69,0.00,0.00,186,49095.71,13.8
2022-08-09,51,30.8,0.80,41039.50,0.00,0.80,242,48992.91,16.0
2022-08-10,51,29.8,0.60,27896.36,0.00,0.60,12,48889.46,8.3
2022-08-11,51,31.4,0.20,43210.84,0.00,0.20,220,48785.30,13.2
2022-08-12,3,32.4,0.00,41425.00,0.00,0.00,199,48679.64,12.1
2022-08-13,3,31.9,0.00,40926.80,0.00,0.00,200,48572.44,15.5
2022-08-14,3,32.4,0.00,43200.00,0.00,0.00,202,48463.80,16.9
2022-08-15,65,31.1,74.90,39659.27,0.00,74.90,265,48353.83,19.4
2022-08-16,3,28.5,0.00,18214.55,0.00,0.00,77,48242.61,15.7
2022-08-17,3,28.8,0.00,43510.39,0.00,0.00,113,48130.26,16.9
2022-08-18,3,30.6,0.00,37256.32,0.00,0.00,153,48016.88,18.0
2022-08-19,65,31.0,20.90,36670.44,0.00,20.90,300,47902.54,20.9
2022-08-20,51,26.3,0.20,43312.32,0.00,0.20,68,47787.36,19.2
2022-08-21,3,29.5,0.00,43200.00,0.00,0.00,143,47671.41,16.7
2022-08-22,63,30.4,8.40,34304.44,0.00,8.40,224,47554.80,29.3
2022-08-23,51,24.1,0.10,27848.53,0.00,0.10,44,47437.61,27.8
2022-08-24,3,23.9,0.00,42495.54,0.00,0.00,69,47319.93,10.6
2022-08-25,61,23.1,6.80,27351.08,0.00,6.80,26,47201.83,15.1
2022-08-26,3,24.8,0.00,33318.11,0.00,0.00,15,47083.42,20.0
2022-08-27,63,23.1,3.60,20133.89,0.00,3.60,71,46964.76,21.7
2022-08-28,65,23.0,12.40,18392.23,0.00,12.40,87,46845.95,24.2
2022-08-29,63,22.0,10.10,2191.34,0.00,10.10,1,46727.05,17.7
2022-08-30,61,19.8,11.10,0.00,0.00,11.10,347,46608.15,18.8
2022-08-31,3,22.5,0.00,38011.65,0.00,0.00,329,46489.18,11.4
2022-09-01,3,23.5,0.00,42847.96,0.00,0.00,45,46369.33,18.1
2022-09-02,3,23.5,0.00,41496.45,0.00,0.00,42,46248.53,17.1
2022-09-03,51,24.0,0.10,32578.65,0.00,0.10,22,46126.86,19.1
2022-09-04,3,24.0,0.00,25077.68,0.00,0.00,9,46004.42,12.9
2022-09-05,3,24.6,0.00,42688.55,0.00,0.00,58,45881.29,13.0
2022-09-06,51,26.3,0.20,42582.51,0.00,0.20,289,45757.54,13.2
2022-09-07,3,24.3,0.00,39600.00,0.00,0.00,55,45633.27,13.0
2022-09-08,3,23.0,0.00,33009.35,0.00,0.00,73,45508.55,12.0
2022-09-09,3,22.4,0.00,22151.54,0.00,0.00,100,45383.46,10.0
2022-09-10,3,22.8,0.00,34648.45,0.00,0.00,105,45258.09,8.3
2022-09-11,0,23.4,0.00,41858.05,0.00,0.00,104,45132.50,11.2
2022-09-12,1,24.1,0.00,41469.27,0.00,0.00,62,45006.79,17.3
2022-09-13,51,23.9,1.20,37475.74,0.00,1.20,40,44881.01,24.0
2022-09-14,63,22.4,17.50,7111.78,0.00,17.50,7,44755.25,29.2
2022-09-15,63,22.5,7.80,2620.43,0.00,7.80,318,44629.59,33.2
2022-09-16,51,23.2,0.30,36362.56,0.00,0.30,352,44504.09,17.1
2022-09-17,51,23.4,0.10,40300.95,0.00,0.10,59,44378.83,11.5
2022-09-18,3,24.3,0.00,40347.58,0.00,0.00,20,44253.89,21.2
2022-09-19,3,21.8,0.00,38699.11,0.00,0.00,29,44129.35,22.9
2022-09-20,3,18.9,0.00,2358.57,0.00,0.00,43,44005.12,17.9
2022-09-21,3,20.0,0.00,38744.59,0.00,0.00,139,43880.35,11.2
2022-09-22,3,21.0,0.00,36877.88,0.00,0.00,228,43754.98,33.8
2022-09-23,3,18.0,0.00,37986.05,0.00,0.00,27,43629.10,21.3
2022-09-24,3,19.3,0.00,14658.87,0.00,0.00,110,43502.77,7.7
2022-09-25,3,19.9,0.00,31557.41,0.00,0.00,122,43376.09,9.0
2022-09-26,3,20.6,0.00,36892.86,0.00,0.00,78,43249.14,16.6
2022-09-27,53,21.1,1.40,21600.00,0.00,1.40,81,43121.99,11.2
2022-09-28,3,21.4,0.00,32945.92,0.00,0.00,162,42994.72,12.1
2022-09-29,3,21.9,0.00,36781.79,0.00,0.00,133,42867.43,12.0
2022-09-30,55,24.0,4.10,36000.00,0.00,4.10,133,42740.18,15.8
2022-10-01,3,26.5,0.00,32894.99,0.00,0.00,141,42613.07,21.8
2022-10-02,65,28.4,14.90,35720.58,0.00,14.90,171,42486.17,25.4
2022-10-03,65,24.0,41.40,32868.55,0.00,41.40,358,42359.55,32.3
2022-10-04,61,12.7,10.10,0.00,0.00,10.10,18,42233.33,29.5
2022-10-05,61,12.4,16.10,0.00,0.00,16.10,27,42107.56,19.6
2022-10-06,53,12.2,3.70,178.93,0.00,3.70,347,41982.33,14.6
2022-10-07,3,14.3,0.00,26494.31,0.00,0.00,78,41857.73,8.9
2022-10-08,3,16.6,0.00,28800.00,0.00,0.00,192,41733.86,17.3
2022-10-09,51,12.9,0.10,34409.95,0.00,0.10,315,41610.78,29.0
2022-10-10,3,11.3,0.00,36095.64,0.00,0.00,303,41488.42,21.2
2022-10-11,0,12.4,0.00,36103.64,0.00,0.00,105,41365.86,11.3
2022-10-12,3,14.5,0.00,36004.49,0.00,0.00,109,41243.02,9.8
2022-10-13,3,15.9,0.00,36000.00,0.00,0.00,83,41120.00,15.0
2022-10-14,3,17.0,0.00,36000.00,0.00,0.00,66,40996.88,10.1
2022-10-15,3,17.7,0.00,36000.00,0.00,0.00,53,40873.75,9.0
2022-10-16,3,17.9,0.00,36000.00,0.00,0.00,33,40750.73,25.5
2022-10-17,0,13.2,0.00,36000.00,0.00,0.00,18,40627.90,19.8
2022-10-18,0,11.5,0.00,36000.00,0.00,0.00,122,40505.35,10.2
2022-10-19,3,13.1,0.00,36000.00,0.00,0.00,135,40383.20,12.6
2022-10-20,3,15.4,0.00,36000.00,0.00,0.00,134,40261.53,20.7
2022-10-21,3,15.8,0.00,32400.00,0.00,0.00,134,40140.46,9.2
2022-10-22,2,17.0,0.00,36000.00,0.00,0.00,35,40020.07,17.1
2022-10-23,1,15.6,0.00,35968.12,0.00,0.00,87,39900.48,9.6
2022-10-24,3,15.5,0.00,35897.23,0.00,0.00,108,39781.80,10.7
2022-10-25,3,16.2,0.00,32314.84,0.00,0.00,128,39664.12,17.7
2022-10-26,51,15.2,0.30,0.00,0.00,0.30,83,39547.57,15.6
2022-10-27,51,16.0,0.10,26239.70,0.00,0.10,50,39432.26,21.9
2022-10-28,51,14.4,0.20,28397.68,0.00,0.20,54,39318.28,17.6
2022-10-29,1,14.0,0.00,31663.14,0.00,0.00,51,39205.78,16.7
2022-10-30,3,14.0,0.00,34769.58,0.00,0.00,51,39094.67,10.7
2022-10-31,0,15.2,0.00,34769.09,0.00,0.00,45,38983.95,13.8
2022-11-01,0,13.5,0.00,35380.13,0.00,0.00,73,38873.54,15.3
2022-11-02,2,13.1,0.00,35084.62,0.00,0.00,112,38763.56,13.2
2022-11-03,3,13.2,0.00,32865.89,0.00,0.00,38,38654.12,22.4
2022-11-04,3,10.3,0.00,32408.23,0.00,0.00,32,38545.33,16.3
2022-11-05,0,11.2,0.00,34444.23,0.00,0.00,148,38437.29,9.8
2022-11-06,3,13.0,0.00,28147.65,0.00,0.00,153,38330.14,19.5
2022-11-07,3,14.1,0.00,30953.17,0.00,0.00,81,38223.97,9.5
2022-11-08,3,14.6,0.00,33830.04,0.00,0.00,91,38118.93,13.3
2022-11-09,3,15.1,0.00,27117.23,0.00,0.00,94,38015.12,12.7
2022-11-10,51,16.7,0.10,22675.97,0.00,0.10,78,37912.69,15.1
2022-11-11,61,19.0,3.30,808.51,0.00,3.30,120,37811.73,15.8
2022-11-12,63,14.5,6.90,7726.71,0.00,6.90,343,37712.41,29.3
2022-11-13,3,8.6,0.00,5613.90,0.00,0.00,349,37614.82,18.0
2022-11-14,3,8.0,0.00,29778.81,0.00,0.00,250,37519.12,9.4
2022-11-15,3,9.2,0.00,33176.05,0.00,0.00,239,37425.45,12.8
2022-11-16,3,12.3,0.00,25412.07,0.00,0.00,114,37333.91,11.7
2022-11-17,51,14.5,0.40,27685.53,0.00,0.40,95,37244.69,14.8
2022-11-18,61,14.1,7.60,0.00,0.00,7.60,54,37157.89,18.2
2022-11-19,51,14.2,0.40,5793.46,0.00,0.40,357,37073.50,11.1
2022-11-20,51,14.3,0.20,18775.46,0.00,0.20,53,36990.59,8.6
2022-11-21,63,14.8,19.70,11737.72,0.00,19.70,54,36909.10,21.1
2022-11-22,55,12.1,3.70,3600.00,0.00,3.70,16,36829.13,22.5
2022-11-23,51,12.8,0.20,19053.38,0.00,0.20,246,36750.78,8.0
2022-11-24,3,13.1,0.00,28780.45,0.00,0.00,186,36674.16,12.7
2022-11-25,51,14.6,0.10,27944.21,0.00,0.10,224,36599.36,21.9
2022-11-26,3,12.7,0.00,23852.01,0.00,0.00,93,36526.50,25.0
2022-11-27,3,16.2,0.00,8541.95,0.00,0.00,146,36455.68,19.3
2022-11-28,61,12.7,9.10,3600.00,0.00,9.10,5,36387.02,30.4
2022-11-29,51,1.8,0.10,0.00,0.00,0.10,10,36320.62,32.7
2022-11-30,3,-1.2,0.00,24777.41,0.00,0.00,349,36256.60,19.3
2022-12-01,3,0.1,0.00,29729.12,0.00,0.00,349,36195.05,12.2
2022-12-02,3,1.1,0.00,31036.13,0.00,0.00,184,36136.10,13.4
2022-12-03,3,3.7,0.00,16134.47,0.00,0.00,31,36079.86,22.5
2022-12-04,3,2.7,0.00,12370.02,0.00,0.00,28,36026.43,21.3
2022-12-05,0,1.7,0.00,29894.76,0.00,0.00,234,35975.94,10.2
2022-12-06,3,4.1,0.00,26368.08,0.00,0.00,227,35928.49,9.0
2022-12-07,51,6.1,0.20,29693.56,0.00,0.20,99,35884.20,9.3
2022-12-08,51,6.7,1.00,0.00,0.00,1.00,37,35843.18,10.7
2022-12-09,51,8.0,2.00,2232.66,0.00,2.00,26,35805.44,14.0
2022-12-10,3,4.7,0.00,376.64,0.00,0.00,1,35770.51,22.7
2022-12-11,3,1.4,0.00,29399.66,0.00,0.00,326,35738.33,13.5
2022-12-12,3,2.0,0.00,22617.83,0.00,0.00,260,35708.94,17.3
2022-12-13,3,1.3,0.00,22646.96,0.00,0.00,334,35682.35,22.1
2022-12-14,2,1.2,0.00,30324.48,0.00,0.00,162,35658.59,17.1
2022-12-15,71,3.2,0.00,28145.34,0.42,0.60,36,35637.70,27.9
2022-12-16,3,-1.0,0.00,3162.90,0.00,0.00,351,35619.70,28.2
2022-12-17,0,-3.6,0.00,30598.68,0.00,0.00,293,35604.59,29.7
2022-12-18,0,-1.3,0.00,30602.44,0.00,0.00,219,35592.43,15.1
2022-12-19,3,1.1,0.00,30494.51,0.00,0.00,158,35583.21,10.7
2022-12-20,3,2.2,0.00,9408.15,0.00,0.00,238,35576.98,14.6
2022-12-21,3,1.6,0.00,30366.60,0.00,0.00,315,35573.74,24.9
2022-12-22,0,-3.1,0.00,30820.24,0.00,0.00,317,35573.51,25.5
2022-12-23,0,-1.6,0.00,30689.51,0.00,0.00,9,35576.30,11.2
2022-12-24,0,-2.1,0.00,30839.26,0.00,0.00,339,35582.15,11.0
2022-12-25,3,1.0,0.00,30848.29,0.00,0.00,343,35591.05,10.8
2022-12-26,3,-0.3,0.00,8259.74,0.00,0.00,300,35603.02,8.4
2022-12-27,3,0.8,0.00,25537.74,0.00,0.00,341,35618.08,13.0
2022-12-28,3,0.2,0.00,31069.23,0.00,0.00,55,35636.23,8.4
2022-12-29,3,-0.5,0.00,28977.40,0.00,0.00,323,35657.52,8.3
2022-12-30,3,-1.1,0.00,25211.58,0.00,0.00,164,35682.19,9.5
2022-12-31,3,1.0,0.00,31157.96,0.00,0.00,205,35710.19,12.8
2023-01-01,3,2.5,0.00,26678.86,0.00,0.00,51,35741.45,16.4
2023-01-02,3,1.9,0.00,23735.21,0.00,0.00,60,35775.89,10.5
2023-01-03,2,1.5,0.00,31430.67,0.00,0.00,183,35813.41,10.7
2023-01-04,3,2.5,0.00,31046.77,0.00,0.00,133,35853.94,12.0
2023-01-05,3,3.4,0.00,31447.14,0.00,0.00,208,35897.38,15.9
2023-01-06,0,3.5,0.00,31584.22,0.00,0.00,259,35943.65,22.2
2023-01-07,0,6.0,0.00,31730.40,0.00,0.00,162,35992.67,16.0
2023-01-08,0,7.8,0.00,31691.87,0.00,0.00,48,36044.34,16.9
2023-01-09,3,3.1,0.00,31663.61,0.00,0.00,51,36098.59,22.3
2023-01-10,2,2.8,0.00,31720.09,0.00,0.00,84,36155.32,11.5
2023-01-11,2,5.4,0.00,31777.26,0.00,0.00,126,36214.44,14.6
2023-01-12,63,9.2,16.60,10800.00,0.00,16.60,102,36275.88,15.5
2023-01-13,61,7.5,9.70,3600.00,0.00,9.70,31,36339.54,28.3
2023-01-14,73,-2.4,0.40,0.00,3.08,4.80,360,36405.33,29.9
2023-01-15,3,-3.2,0.00,32181.68,0.00,0.00,324,36473.18,20.3
2023-01-16,3,-2.4,0.00,32432.89,0.00,0.00,226,36543.00,8.5
2023-01-17,3,-0.9,0.00,32394.25,0.00,0.00,267,36614.71,13.8
2023-01-18,3,0.7,0.00,32452.29,0.00,0.00,217,36688.36,14.3
2023-01-19,3,2.3,0.00,29582.12,0.00,0.00,277,36764.78,18.2
2023-01-20,3,-0.0,0.00,29164.70,0.00,0.00,88,36843.98,16.0
2023-01-21,53,3.7,1.70,29450.25,0.00,1.70,130,36925.81,17.2
2023-01-22,3,1.7,0.00,19931.25,0.00,0.00,76,37010.13,11.1
2023-01-23,3,-1.0,0.00,18314.59,0.00,0.00,19,37096.80,29.0
2023-01-24,3,-6.5,0.00,32655.98,0.00,0.00,338,37185.70,25.7
2023-01-25,3,-3.9,0.00,28758.09,0.00,0.00,173,37276.67,14.1
2023-01-26,3,-1.8,0.00,24673.95,0.00,0.00,355,37369.59,13.4
2023-01-27,0,-2.8,0.00,33094.97,0.00,0.00,292,37464.32,21.3
2023-01-28,0,-1.1,0.00,33211.66,0.00,0.00,255,37560.74,12.8
2023-01-29,0,0.7,0.00,33331.48,0.00,0.00,262,37658.71,15.0
2023-01-30,3,3.7,0.00,33337.04,0.00,0.00,168,37758.12,15.5
2023-01-31,3,4.5,0.00,32626.82,0.00,0.00,61,37858.84,27.3
2023-02-01,3,2.0,0.00,23729.59,0.00,0.00,43,37960.75,27.9
2023-02-02,3,0.7,0.00,13274.47,0.00,0.00,71,38063.72,13.2
2023-02-03,3,1.7,0.00,33229.68,0.00,0.00,140,38167.65,11.4
2023-02-04,3,2.1,0.00,32400.00,0.00,0.00,96,38272.40,10.7
2023-02-05,51,5.3,0.20,33487.90,0.00,0.20,124,38377.88,14.8
2023-02-06,51,5.2,0.10,1278.33,0.00,0.10,67,38483.96,13.4
2023-02-07,3,4.1,0.00,11457.31,0.00,0.00,63,38590.74,12.9
2023-02-08,51,4.5,0.70,11210.96,0.00,0.70,71,38699.23,22.7
2023-02-09,53,3.3,3.10,0.00,0.00,3.10,54,38809.49,20.1
2023-02-10,73,4.8,4.10,9292.22,0.21,4.40,102,38921.39,12.6
2023-02-11,63,5.5,6.80,0.00,0.00,6.80,84,39034.82,23.3
2023-02-12,73,3.8,13.50,1249.46,0.21,13.80,28,39149.62,31.4
2023-02-13,3,2.0,0.00,18967.19,0.00,0.00,20,39265.70,25.3
2023-02-14,3,1.9,0.00,32328.74,0.00,0.00,41,39382.93,13.3
2023-02-15,3,1.1,0.00,35138.91,0.00,0.00,115,39501.18,10.7
2023-02-16,3,5.0,0.00,30508.54,0.00,0.00,147,39620.34,15.5
2023-02-17,3,6.8,0.00,34704.05,0.00,0.00,124,39740.29,13.0
2023-02-18,3,7.3,0.00,9935.99,0.00,0.00,342,39860.93,23.5
2023-02-19,2,4.3,0.00,36095.16,0.00,0.00,306,39982.14,12.7
2023-02-20,3,5.7,0.00,34157.11,0.00,0.00,68,40103.80,24.2
2023-02-21,3,2.0,0.00,28800.00,0.00,0.00,85,40225.83,18.4
2023-02-22,71,1.2,0.10,4147.37,0.21,0.40,172,40348.10,10.0
2023-02-23,51,3.3,0.60,14877.01,0.00,0.60,222,40470.51,8.9
2023-02-24,3,5.9,0.00,31748.63,0.00,0.00,47,40592.97,21.1
2023-02-25,0,2.4,0.00,37187.50,0.00,0.00,167,40715.36,15.8
2023-02-26,0,3.7,0.00,37267.08,0.00,0.00,128,40837.59,10.8
2023-02-27,0,5.8,0.00,37480.77,0.00,0.00,150,40959.73,16.7
2023-02-28,3,8.2,0.00,34057.59,0.00,0.00,331,41082.79,11.7
2023-03-01,3,8.6,0.00,37917.68,0.00,0.00,28,41206.83,16.0
2023-03-02,3,7.6,0.00,38141.18,0.00,0.00,167,41331.77,13.2
2023-03-03,3,9.6,0.00,36376.99,0.00,0.00,181,41457.52,18.9
2023-03-04,2,11.4,0.00,37754.05,0.00,0.00,153,41583.96,12.6
2023-03-05,0,12.7,0.00,38332.42,0.00,0.00,147,41711.02,12.2
2023-03-06,3,15.1,0.00,38485.10,0.00,0.00,207,41838.59,21.4
2023-03-07,3,17.2,0.00,38493.13,0.00,0.00,203,41966.57,15.9
2023-03-08,1,17.7,0.00,38681.49,0.00,0.00,281,42094.90,15.9
2023-03-09,0,17.7,0.00,38655.81,0.00,0.00,222,42223.46,16.8
2023-03-10,3,18.7,0.00,38662.82,0.00,0.00,188,42352.18,18.2
2023-03-11,3,14.1,0.00,24797.10,0.00,0.00,33,42480.96,29.2
2023-03-12,3,7.3,0.00,38880.54,0.00,0.00,332,42609.72,25.9
2023-03-13,0,11.5,0.00,38929.48,0.00,0.00,195,42738.36,24.7
2023-03-14,2,15.3,0.00,38978.14,0.00,0.00,178,42866.80,33.4
2023-03-15,3,10.2,0.00,38238.70,0.00,0.00,61,42994.95,30.3
2023-03-16,73,6.5,11.80,11229.15,0.35,12.30,71,43122.73,30.1
2023-03-17,51,3.7,0.50,3044.92,0.00,0.50,43,43250.04,21.1
2023-03-18,3,7.9,0.00,30428.74,0.00,0.00,158,43376.79,7.7
2023-03-19,3,9.7,0.00,36625.82,0.00,0.00,141,43503.06,15.3
2023-03-20,53,11.1,0.70,23013.44,0.00,0.70,125,43629.77,17.1
2023-03-21,61,13.2,2.70,21474.14,0.00,2.70,70,43757.00,14.9
2023-03-22,61,11.7,12.10,0.00,0.00,12.10,17,43884.66,22.9
2023-03-23,3,12.3,0.00,22838.50,0.00,0.00,55,44012.69,23.3
2023-03-24,3,6.9,0.00,13480.89,0.00,0.00,71,44140.98,20.3
2023-03-25,3,8.5,0.00,32305.34,0.00,0.00,112,44269.48,11.4
2023-03-26,3,10.4,0.00,32784.88,0.00,0.00,178,44398.08,11.4
2023-03-27,3,12.8,0.00,40089.41,0.00,0.00,207,44526.73,16.1
2023-03-28,3,14.3,0.00,35552.37,0.00,0.00,143,44655.32,14.3
2023-03-29,3,14.2,0.00,37644.47,0.00,0.00,144,44783.78,19.0
2023-03-30,3,13.2,0.00,39600.00,0.00,0.00,155,44912.03,13.7
2023-03-31,3,14.6,0.00,37833.21,0.00,0.00,123,45039.98,14.5
2023-04-01,0,14.6,0.00,40472.45,0.00,0.00,90,45167.55,14.1
2023-04-02,3,17.6,0.00,39600.00,0.00,0.00,116,45294.67,26.1
2023-04-03,63,13.6,37.50,0.00,0.00,37.50,107,45421.23,32.9
2023-04-04,63,12.1,5.10,0.00,0.00,5.10,281,45547.15,28.7
2023-04-05,51,10.5,0.10,1101.82,0.00,0.10,311,45672.35,22.1
2023-04-06,51,10.5,0.80,1437.84,0.00,0.80,282,45796.73,14.8
2023-04-07,3,11.8,0.00,41188.50,0.00,0.00,327,45920.21,16.9
2023-04-08,3,13.3,0.00,41186.89,0.00,0.00,205,46042.86,16.5
2023-04-09,3,16.4,0.00,41498.16,0.00,0.00,192,46165.54,22.1
2023-04-10,3,19.8,0.00,39600.00,0.00,0.00,200,46288.32,17.0
2023-04-11,51,17.4,0.40,36829.88,0.00,0.40,72,46411.12,24.9
2023-04-12,3,17.0,0.00,37718.82,0.00,0.00,144,46533.88,22.0
2023-04-13,51,19.5,0.60,36423.21,0.00,0.60,135,46656.50,17.3
2023-04-14,63,17.7,4.90,34247.86,0.00,4.90,14,46778.89,21.0
2023-04-15,63,16.0,8.00,30527.26,0.00,8.00,240,46900.98,23.2
2023-04-16,2,17.7,0.00,41955.62,0.00,0.00,119,47022.68,22.0
2023-04-17,3,22.9,0.00,40451.99,0.00,0.00,180,47143.89,23.8
2023-04-18,3,19.5,0.00,37133.65,0.00,0.00,65,47264.53,24.9
2023-04-19,3,18.6,0.00,35894.76,0.00,0.00,94,47384.52,19.0
2023-04-20,51,19.3,0.20,33463.29,0.00,0.20,59,47503.74,42.4
2023-04-21,3,14.0,0.00,6186.81,0.00,0.00,66,47622.12,32.4
2023-04-22,61,11.8,12.80,0.00,0.00,12.80,47,47739.56,27.1
2023-04-23,53,10.6,7.20,0.00,0.00,7.20,61,47855.95,28.1
2023-04-24,3,11.9,0.00,10676.72,0.00,0.00,65,47971.20,22.9
2023-04-25,3,12.0,0.00,6460.87,0.00,0.00,255,48085.20,17.5
2023-04-26,3,15.3,0.00,40627.75,0.00,0.00,143,48197.86,16.3
2023-04-27,3,17.9,0.00,42119.36,0.00,0.00,160,48309.06,18.8
2023-04-28,3,18.7,0.00,26743.28,0.00,0.00,293,48418.86,25.0
2023-04-29,3,15.1,0.00,43200.00,0.00,0.00,273,48528.07,24.9
2023-04-30,0,17.2,0.00,43200.00,0.00,0.00,243,48636.77,23.0
2023-05-01,3,21.1,0.00,43200.00,0.00,0.00,160,48744.87,19.2
2023-05-02,61,22.1,3.90,34064.54,0.00,3.90,145,48852.28,22.1
2023-05-03,63,20.1,34.20,2436.30,0.00,34.20,118,48958.91,20.1
2023-05-04,63,21.3,8.90,12743.90,0.00,8.90,276,49064.66,17.1
2023-05-05,53,17.5,0.90,0.00,0.00,0.90,352,49169.45,26.7
2023-05-06,3,17.9,0.00,34954.58,0.00,0.00,13,49273.18,22.3
2023-05-07,3,17.4,0.00,39600.00,0.00,0.00,50,49375.74,19.7
2023-05-08,3,16.2,0.00,34946.42,0.00,0.00,89,49477.05,10.8
2023-05-09,3,17.6,0.00,39600.00,0.00,0.00,114,49576.99,12.8
2023-05-10,3,16.9,0.00,51.57,0.00,0.00,126,49675.48,6.9
2023-05-11,3,18.8,0.00,34462.12,0.00,0.00,185,49772.39,12.1
2023-05-12,3,20.1,0.00,43200.00,0.00,0.00,194,49867.64,15.5
2023-05-13,0,21.7,0.00,43216.46,0.00,0.00,255,49961.09,14.5
2023-05-14,1,24.9,0.00,43200.00,0.00,0.00,211,50052.66,21.8
2023-05-15,3,25.9,0.00,41452.05,0.00,0.00,196,50142.23,20.3
2023-05-16,3,26.1,0.00,32543.23,0.00,0.00,184,50229.68,24.1
2023-05-17,51,23.3,0.40,36781.19,0.00,0.40,81,50314.89,20.1
2023-05-18,3,20.5,0.00,39950.67,0.00,0.00,73,50397.90,22.4
2023-05-19,3,22.7,0.00,43303.61,0.00,0.00,159,50479.37,16.9
2023-05-20,3,24.7,0.00,39600.00,0.00,0.00,124,50559.36,23.8
2023-05-21,61,20.4,7.90,39531.12,0.00,7.90,40,50637.79,25.4
2023-05-22,3,19.1,0.00,42737.67,0.00,0.00,309,50714.58,13.0
2023-05-23,3,22.1,0.00,36000.00,0.00,0.00,174,50789.66,13.9
2023-05-24,3,18.4,0.00,19490.47,0.00,0.00,154,50862.93,23.2
2023-05-25,3,21.4,0.00,26348.95,0.00,0.00,165,50934.33,11.9
2023-05-26,63,23.0,8.90,18339.65,0.00,8.90,96,51003.76,20.7
2023-05-27,65,23.3,23.20,7492.41,0.00,23.20,72,51071.15,15.5
2023-05-28,63,22.6,11.90,6036.71,0.00,11.90,51,51136.41,17.8
2023-05-29,63,20.7,14.50,12960.38,0.00,14.50,53,51199.45,22.1
2023-05-30,53,20.7,0.60,20674.98,0.00,0.60,43,51260.21,15.0
2023-05-31,3,22.3,0.00,40270.88,0.00,0.00,74,51318.57,18.1
2023-06-01,3,24.1,0.00,43670.47,0.00,0.00,202,51374.48,9.1
2023-06-02,51,23.8,0.10,23498.83,0.00,0.10,346,51427.82,21.3
2023-06-03,53,24.1,1.60,29427.86,0.00,1.60,95,51478.54,11.1
2023-06-04,55,18.7,5.00,0.00,0.00,5.00,115,51526.53,13.3
2023-06-05,3,19.8,0.00,39986.59,0.00,0.00,190,51571.71,12.3
2023-06-06,3,24.5,0.00,43033.27,0.00,0.00,218,51614.00,15.5
2023-06-07,3,25.9,0.00,32972.56,0.00,0.00,218,51653.38,18.5
2023-06-08,0,26.3,0.00,44569.36,0.00,0.00,229,51690.18,16.3
2023-06-09,2,28.4,0.00,44081.83,0.00,0.00,217,51724.45,23.9
2023-06-10,51,26.2,0.10,44241.34,0.00,0.10,73,51756.14,20.5
2023-06-11,3,26.2,0.00,43942.77,0.00,0.00,84,51785.27,24.1
2023-06-12,3,24.9,0.00,39847.22,0.00,0.00,141,51811.77,18.5
2023-06-13,3,25.3,0.00,40028.16,0.00,0.00,111,51835.66,11.0
2023-06-14,1,26.6,0.00,44263.56,0.00,0.00,100,51856.89,14.6
2023-06-15,3,29.4,0.00,39453.62,0.00,0.00,151,51875.45,19.1
2023-06-16,3,28.9,0.00,25696.88,0.00,0.00,149,51891.33,14.3
2023-06-17,61,23.6,6.70,0.00,0.00,6.70,113,51904.50,20.7
2023-06-18,63,22.7,8.40,0.00,0.00,8.40,91,51914.94,25.7
2023-06-19,61,22.6,5.30,48.96,0.00,5.30,30,51922.64,17.1
2023-06-20,3,26.2,0.00,39839.02,0.00,0.00,316,51927.59,14.0
2023-06-21,3,27.2,0.00,32641.52,0.00,0.00,233,51929.78,9.6
2023-06-22,3,29.2,0.00,41096.95,0.00,0.00,224,51929.18,12.3
2023-06-23,3,27.8,0.00,38664.71,0.00,0.00,140,51925.79,16.2
2023-06-24,61,26.0,3.60,40644.16,0.00,3.60,89,51919.60,23.5
2023-06-25,61,22.8,9.80,1839.30,0.00,9.80,85,51910.60,22.0
2023-06-26,61,25.6,4.40,29387.75,0.00,4.40,228,51898.78,12.7
2023-06-27,3,29.4,0.00,41361.48,0.00,0.00,194,51884.10,15.1
2023-06-28,65,28.9,23.40,27112.56,0.00,23.40,199,51866.41,21.7
2023-06-29,63,25.5,9.40,5927.53,0.00,9.40,285,51845.73,19.4
2023-06-30,3,27.0,0.00,44104.96,0.00,0.00,116,51822.12,13.8
2023-07-01,3,28.0,0.00,40361.25,0.00,0.00,109,51795.63,15.5
2023-07-02,65,27.6,33.20,19298.02,0.00,33.20,152,51766.32,13.1
2023-07-03,63,27.6,13.20,4025.47,0.00,13.20,175,51734.27,20.6
2023-07-04,51,25.8,0.90,25083.29,0.00,0.90,254,51699.52,25.0
2023-07-05,3,28.3,0.00,45922.77,0.00,0.00,219,51662.12,19.6
2023-07-06,63,27.0,10.10,18000.00,0.00,10.10,190,51622.18,22.0
2023-07-07,51,29.5,0.10,39660.86,0.00,0.10,212,51579.71,16.7
2023-07-08,51,30.9,0.10,41907.27,0.00,0.10,227,51534.82,17.1
2023-07-09,65,29.7,12.10,35001.48,0.00,12.10,230,51487.54,22.0
2023-07-10,65,28.6,16.10,28941.67,0.00,16.10,191,51437.93,20.8
2023-07-11,51,29.4,0.20,33334.25,0.00,0.20,143,51386.09,23.5
2023-07-12,65,29.6,30.50,22480.79,0.00,30.50,201,51332.05,19.4
2023-07-13,65,28.2,24.40,30668.95,0.00,24.40,241,51275.88,19.5
2023-07-14,3,28.8,0.00,33542.50,0.00,0.00,241,51217.66,19.7
2023-07-15,3,27.5,0.00,7234.72,0.00,0.00,289,51157.44,14.3
2023-07-16,3,26.8,0.00,13200.83,0.00,0.00,73,51095.28,17.2
2023-07-17,53,26.1,2.10,31481.37,0.00,2.10,78,51031.14,21.0
2023-07-18,55,27.3,2.10,43069.69,0.00,2.10,89,50964.45,13.6
2023-07-19,61,27.1,4.60,14922.91,0.00,4.60,119,50895.20,12.2
2023-07-20,51,26.7,0.40,26999.46,0.00,0.40,108,50823.49,15.3
2023-07-21,65,27.4,12.60,18922.60,0.00,12.60,145,50749.45,12.7
2023-07-22,61,27.7,2.70,26487.17,0.00,2.70,237,50673.16,15.1
2023-07-23,65,27.2,13.20,43459.16,0.00,13.20,199,50594.75,11.0
2023-07-24,3,29.4,0.00,42233.79,0.00,0.00,158,50514.30,9.7
2023-07-25,61,28.1,5.10,33373.82,0.00,5.10,100,50431.94,22.9
2023-07-26,63,26.5,12.90,22966.49,0.00,12.90,98,50347.75,13.4
2023-07-27,63,27.4,4.70,31778.74,0.00,4.70,107,50261.84,18.0
2023-07-28,61,27.1,11.70,25200.00,0.00,11.70,101,50174.30,26.9
2023-07-29,63,26.8,12.90,8759.97,0.00,12.90,124,50085.25,33.9
2023-07-30,63,27.4,14.80,31924.08,0.00,14.80,145,49994.76,26.7
2023-07-31,63,28.1,8.70,38840.23,0.00,8.70,123,49902.94,21.0
2023-08-01,61,27.9,2.90,43377.20,0.00,2.90,113,49809.88,21.5
2023-08-02,3,29.2,0.00,42586.32,0.00,0.00,131,49715.67,13.5
2023-08-03,2,29.5,0.00,44548.86,0.00,0.00,146,49620.41,14.2
2023-08-04,3,30.0,0.00,44260.15,0.00,0.00,154,49524.17,12.2
2023-08-05,61,30.5,1.50,42959.32,0.00,1.50,188,49427.06,10.2
2023-08-06,63,27.4,9.40,31425.54,0.00,9.40,42,49329.00,20.9
2023-08-07,1,25.7,0.00,44256.67,0.00,0.00,54,49229.23,18.8
2023-08-08,3,26.8,0.00,36861.43,0.00,0.00,42,49127.72,12.1
2023-08-09,3,27.8,0.00,44118.02,0.00,0.00,21,49024.57,13.0
2023-08-10,3,28.7,0.00,42312.98,0.00,0.00,5,48919.88,10.0
2023-08-11,3,28.9,0.00,42506.02,0.00,0.00,172,48813.77,12.7
2023-08-12,3,29.9,0.00,38768.72,0.00,0.00,252,48706.34,15.5
2023-08-13,51,27.2,0.10,30077.48,0.00,0.10,19,48597.69,15.5
2023-08-14,51,27.3,0.10,43071.45,0.00,0.10,56,48487.91,15.9
2023-08-15,53,28.0,2.80,39792.36,0.00,2.80,80,48377.12,11.5
2023-08-16,53,28.1,0.90,43386.33,0.00,0.90,125,48265.40,14.7
2023-08-17,3,29.1,0.00,43280.13,0.00,0.00,109,48152.84,10.6
2023-08-18,3,28.8,0.00,43200.00,0.00,0.00,123,48039.55,11.8
2023-08-19,3,28.6,0.00,43200.00,0.00,0.00,105,47925.61,19.5
2023-08-20,53,28.5,1.40,38289.89,0.00,1.40,118,47811.12,17.3
2023-08-21,65,27.4,13.30,26779.40,0.00,13.30,272,47696.15,11.3
2023-08-22,3,27.7,0.00,43200.00,0.00,0.00,34,47580.80,14.8
2023-08-23,3,26.8,0.00,43238.88,0.00,0.00,76,47465.15,17.3
2023-08-24,3,27.1,0.00,43177.91,0.00,0.00,14,47349.28,7.2
2023-08-25,51,27.9,0.10,39600.00,0.00,0.10,111,47233.28,14.6
2023-08-26,63,26.1,10.90,15443.10,0.00,10.90,72,47117.07,29.2
2023-08-27,65,21.3,79.50,0.00,0.00,79.50,36,46999.85,34.7
2023-08-28,3,21.9,0.00,8831.63,0.00,0.00,340,46881.55,25.1
2023-08-29,3,24.2,0.00,37387.74,0.00,0.00,5,46762.27,17.0
2023-08-30,3,23.8,0.00,41172.10,0.00,0.00,84,46642.09,10.8
2023-08-31,3,24.5,0.00,40207.10,0.00,0.00,181,46521.10,11.5
2023-09-01,3,25.9,0.00,42858.72,0.00,0.00,75,46399.39,12.9
2023-09-02,3,25.7,0.00,37200.43,0.00,0.00,82,46277.04,15.5
2023-09-03,3,24.8,0.00,29003.50,0.00,0.00,92,46154.14,10.0
2023-09-04,3,24.2,0.00,7653.35,0.00,0.00,58,46030.77,15.3
2023-09-05,1,25.2,0.00,42591.63,0.00,0.00,56,45907.00,15.6
2023-09-06,1,25.7,0.00,42659.51,0.00,0.00,69,45782.92,11.7
2023-09-07,1,25.9,0.00,42577.02,0.00,0.00,95,45658.62,9.8
2023-09-08,3,25.7,0.00,41331.84,0.00,0.00,99,45534.16,12.3
2023-09-09,3,26.0,0.00,41527.00,0.00,0.00,134,45409.62,11.0
2023-09-10,3,25.6,0.00,38866.71,0.00,0.00,131,45285.09,9.7
2023-09-11,51,26.0,1.00,13481.14,0.00,1.00,67,45160.63,13.5
2023-09-12,63,22.9,22.70,1411.50,0.00,22.70,26,45036.32,19.6
2023-09-13,51,22.4,1.00,30856.64,0.00,1.00,39,44912.24,20.5
2023-09-14,3,22.9,0.00,41612.82,0.00,0.00,47,44788.46,15.6
2023-09-15,51,23.8,0.40,39827.20,0.00,0.40,85,44664.89,12.7
2023-09-16,51,23.9,0.70,39794.80,0.00,0.70,165,44540.73,8.7
2023-09-17,3,25.5,0.00,38346.83,0.00,0.00,147,44415.88,11.6
2023-09-18,63,26.2,15.10,25205.71,0.00,15.10,123,44290.44,12.2
2023-09-19,63,24.7,59.30,7315.38,0.00,59.30,52,44164.48,27.5
2023-09-20,51,22.5,0.10,34476.32,0.00,0.10,11,44038.10,26.3
2023-09-21,3,19.6,0.00,8733.55,0.00,0.00,41,43911.36,12.8
2023-09-22,53,22.1,1.70,36313.39,0.00,1.70,86,43784.34,12.7
2023-09-23,53,21.5,2.30,3979.25,0.00,2.30,63,43657.12,14.8
2023-09-24,63,19.9,15.30,0.00,0.00,15.30,37,43529.79,16.6
2023-09-25,53,20.4,0.70,783.73,0.00,0.70,338,43402.42,10.9
2023-09-26,3,20.9,0.00,0.00,0.00,0.00,302,43275.09,10.0
2023-09-27,3,21.8,0.00,20568.19,0.00,0.00,322,43147.88,13.8
2023-09-28,63,22.9,20.50,6561.91,0.00,20.50,67,43020.86,17.1
2023-09-29,63,19.2,12.10,766.01,0.00,12.10,8,42894.12,17.7
2023-09-30,3,21.2,0.00,36896.53,0.00,0.00,1,42767.73,18.5
2023-10-01,3,20.4,0.00,36000.00,0.00,0.00,82,42641.78,14.1
2023-10-02,55,20.5,1.40,28800.00,0.00,1.40,124,42516.34,14.5
2023-10-03,3,20.4,0.00,35004.16,0.00,0.00,167,42391.48,7.6
2023-10-04,3,21.1,0.00,17937.00,0.00,0.00,11,42267.31,21.0
2023-10-05,3,19.5,0.00,33294.98,0.00,0.00,55,42143.73,18.3
2023-10-06,51,16.5,0.50,0.00,0.00,0.50,22,42019.85,15.8
2023-10-07,3,16.7,0.00,14287.24,0.00,0.00,221,41895.59,12.6
2023-10-08,3,18.2,0.00,33704.64,0.00,0.00,287,41771.03,8.6
2023-10-09,3,19.1,0.00,27487.57,0.00,0.00,359,41646.27,10.7
2023-10-10,3,17.2,0.00,26113.27,0.00,0.00,45,41521.40,12.7
2023-10-11,3,18.3,0.00,33902.29,0.00,0.00,45,41396.51,10.5
2023-10-12,51,19.2,0.10,23724.25,0.00,0.10,60,41271.69,14.2
2023-10-13,3,18.6,0.00,27173.91,0.00,0.00,261,41147.03,7.4
2023-10-14,1,18.0,0.00,36000.00,0.00,0.00,261,41022.62,9.2
2023-10-15,0,19.3,0.00,36000.00,0.00,0.00,131,40898.56,9.9
2023-10-16,0,18.6,0.00,36000.00,0.00,0.00,110,40774.95,14.0
2023-10-17,3,20.4,0.00,36000.00,0.00,0.00,162,40651.88,15.0
2023-10-18,53,21.2,0.70,35385.60,0.00,0.70,30,40529.45,18.5
2023-10-19,55,16.5,2.90,4938.95,0.00,2.90,347,40407.75,18.0
2023-10-20,0,13.0,0.00,36000.00,0.00,0.00,338,40286.89,15.7
2023-10-21,3,14.0,0.00,36000.00,0.00,0.00,169,40166.97,10.6
2023-10-22,0,14.9,0.00,36000.00,0.00,0.00,167,40048.10,11.3
2023-10-23,3,16.7,0.00,35984.43,0.00,0.00,166,39930.38,9.3
2023-10-24,3,18.0,0.00,35915.50,0.00,0.00,193,39813.91,10.4
2023-10-25,3,19.4,0.00,35779.24,0.00,0.00,223,39698.63,9.8
2023-10-26,53,19.1,0.60,35781.44,0.00,0.60,55,39583.54,14.6
2023-10-27,3,17.1,0.00,33256.86,0.00,0.00,148,39468.57,10.7
2023-10-28,3,17.8,0.00,32979.51,0.00,0.00,150,39353.82,12.6
2023-10-29,3,18.0,0.00,32358.67,0.00,0.00,159,39239.39,11.7
2023-10-30,0,19.3,0.00,35097.35,0.00,0.00,175,39125.41,13.9
2023-10-31,3,20.9,0.00,35256.85,0.00,0.00,210,39011.96,18.7
2023-11-01,3,21.0,0.00,35251.70,0.00,0.00,199,38899.18,18.8
2023-11-02,3,20.7,0.00,34926.20,0.00,0.00,199,38787.17,17.9
2023-11-03,63,19.0,9.70,28900.23,0.00,9.70,47,38676.05,21.4
2023-11-04,61,17.8,2.90,4071.77,0.00,2.90,75,38565.93,21.6
2023-11-05,65,15.1,29.80,0.00,0.00,29.80,284,38456.95,32.8
2023-11-06,0,10.1,0.00,34750.71,0.00,0.00,274,38349.20,26.3
2023-11-07,3,12.5,0.00,34592.10,0.00,0.00,139,38242.84,16.8
2023-11-08,3,14.4,0.00,30381.15,0.00,0.00,147,38137.97,10.2
2023-11-09,3,12.5,0.00,28046.16,0.00,0.00,30,38034.73,29.5
2023-11-10,3,8.7,0.00,32267.12,0.00,0.00,36,37933.24,24.5
2023-11-11,51,6.2,0.30,0.00,0.00,0.30,8,37833.65,18.9
2023-11-12,3,4.9,0.00,33369.22,0.00,0.00,345,37736.09,15.9
2023-11-13,3,4.7,0.00,32171.01,0.00,0.00,311,37640.69,9.3
2023-11-14,3,6.1,0.00,31018.47,0.00,0.00,210,37547.41,9.4
2023-11-15,53,9.2,1.00,20949.43,0.00,1.00,229,37455.29,18.4
2023-11-16,0,7.4,0.00,32600.41,0.00,0.00,287,37364.25,26.1
2023-11-17,0,5.9,0.00,33216.33,0.00,0.00,315,37274.39,21.1
2023-11-18,3,8.2,0.00,32598.82,0.00,0.00,202,37185.84,14.9
2023-11-19,0,10.4,0.00,32816.68,0.00,0.00,62,37098.70,13.2
2023-11-20,0,11.0,0.00,32474.51,0.00,0.00,142,37013.07,12.2
2023-11-21,3,12.8,0.00,32695.61,0.00,0.00,168,36929.09,13.4
2023-11-22,3,12.3,0.00,23756.31,0.00,0.00,281,36846.86,24.0
2023-11-23,0,5.8,0.00,32262.90,0.00,0.00,345,36766.50,28.7
2023-11-24,3,4.0,0.00,32121.02,0.00,0.00,52,36688.14,16.3
2023-11-25,55,8.4,1.60,21600.00,0.00,1.60,118,36611.89,20.3
2023-11-26,51,7.0,0.10,0.00,0.00,0.10,238,36537.88,13.0
2023-11-27,0,8.1,0.00,31345.43,0.00,0.00,288,36466.22,20.5
2023-11-28,3,8.4,0.00,31361.90,0.00,0.00,90,36397.04,12.3
2023-11-29,3,4.3,0.00,0.00,0.00,0.00,16,36330.47,27.8
2023-11-30,3,1.2,0.00,27491.79,0.00,0.00,313,36266.63,11.9
2023-12-01,0,1.6,0.00,31319.46,0.00,0.00,219,36205.66,10.7
2023-12-02,3,4.3,0.00,31166.38,0.00,0.00,202,36147.67,10.9
2023-12-03,3,4.4,0.00,30303.38,0.00,0.00,160,36092.79,10.4
2023-12-04,3,6.7,0.00,23783.93,0.00,0.00,203,36041.04,16.3
2023-12-05,3,10.6,0.00,30214.14,0.00,0.00,243,35991.77,27.3
2023-12-06,0,7.4,0.00,30848.81,0.00,0.00,263,35944.94,22.7
2023-12-07,0,12.4,0.00,30716.46,0.00,0.00,210,35900.59,21.2
2023-12-08,3,12.8,0.00,30578.09,0.00,0.00,208,35858.78,23.2
2023-12-09,3,12.6,0.00,29215.80,0.00,0.00,57,35819.55,26.9
2023-12-10,63,5.9,16.80,0.00,0.00,16.80,30,35782.98,29.2
2023-12-11,53,2.8,1.30,365.54,0.00,1.30,1,35749.11,23.6
2023-12-12,3,1.9,0.00,27389.25,0.00,0.00,79,35717.99,13.4
2023-12-13,61,5.3,7.10,581.51,0.00,7.10,52,35689.67,16.2
2023-12-14,63,5.1,20.80,0.00,0.00,20.80,348,35664.20,24.7
2023-12-15,73,-0.7,0.10,0.00,0.84,1.30,329,35641.64,29.3
2023-12-16,3,-4.0,0.00,30462.16,0.00,0.00,328,35622.03,26.6
2023-12-17,3,-3.0,0.00,29298.51,0.00,0.00,84,35605.43,12.5
2023-12-18,73,-1.6,0.00,700.36,0.98,1.40,42,35591.86,11.3
2023-12-19,3,-1.3,0.00,26546.19,0.00,0.00,350,35581.40,20.6
2023-12-20,3,-4.7,0.00,30169.32,0.00,0.00,331,35574.08,17.7
2023-12-21,1,-6.0,0.00,30641.02,0.00,0.00,316,35569.94,21.3
2023-12-22,3,-3.7,0.00,30646.50,0.00,0.00,230,35569.02,9.0
2023-12-23,3,-1.8,0.00,29287.39,0.00,0.00,254,35571.36,10.9
2023-12-24,3,-2.2,0.00,30694.33,0.00,0.00,259,35577.02,11.0
2023-12-25,3,0.3,0.00,30485.70,0.00,0.00,162,35586.02,11.5
2023-12-26,3,3.1,0.00,23916.57,0.00,0.00,112,35598.34,10.8
2023-12-27,3,2.6,0.00,30441.07,0.00,0.00,351,35613.90,9.0
2023-12-28,3,2.1,0.00,19503.73,0.00,0.00,72,35632.66,9.5
2023-12-29,51,3.3,0.70,0.00,0.00,0.70,158,35654.55,9.4
2023-12-30,2,4.2,0.00,30612.05,0.00,0.00,288,35679.52,18.8
2023-12-31,0,1.1,0.00,30853.10,0.00,0.00,38,35707.52,14.3
2024-01-01,3,0.6,0.00,31015.84,0.00,0.00,148,35738.46,9.4
2024-01-02,3,1.4,0.00,0.00,0.00,0.00,241,35772.30,12.8
2024-01-03,3,1.6,0.00,19885.96,0.00,0.00,226,35808.97,12.0
2024-01-04,0,3.4,0.00,31476.31,0.00,0.00,192,35848.41,17.4
2024-01-05,3,3.4,0.00,31442.71,0.00,0.00,69,35890.55,13.6
2024-01-06,3,2.1,0.00,31371.62,0.00,0.00,12,35935.34,11.9
2024-01-07,3,0.3,0.00,31725.07,0.00,0.00,87,35982.70,12.3
2024-01-08,3,1.8,0.00,25269.20,0.00,0.00,165,36032.56,15.0
2024-01-09,51,2.8,0.10,17736.63,0.00,0.10,351,36084.88,20.2
2024-01-10,0,0.3,0.00,31886.20,0.00,0.00,198,36139.57,13.1
2024-01-11,0,4.3,0.00,31847.45,0.00,0.00,222,36196.57,16.3
2024-01-12,0,4.1,0.00,31820.41,0.00,0.00,77,36255.83,11.9
2024-01-13,51,6.5,0.10,31955.44,0.00,0.10,134,36317.40,12.4
2024-01-14,51,1.7,0.10,6732.27,0.00,0.10,22,36381.98,24.2
2024-01-15,73,0.3,0.00,28312.90,0.77,1.10,68,36449.55,13.1
2024-01-16,75,3.5,7.60,0.00,0.91,8.90,84,36519.99,16.6
2024-01-17,55,4.7,1.30,0.00,0.00,1.30,323,36593.16,15.6
2024-01-18,71,2.7,0.90,0.00,0.56,1.70,35,36668.95,18.4
2024-01-19,73,1.1,0.00,0.00,0.77,1.10,8,36747.19,18.4
2024-01-20,3,1.7,0.00,1328.29,0.00,0.00,360,36827.77,19.1
2024-01-21,3,-1.7,0.00,27580.18,0.00,0.00,8,36910.57,22.0
2024-01-22,3,-5.0,0.00,32599.88,0.00,0.00,339,36995.45,22.4
2024-01-23,3,-3.4,0.00,32869.42,0.00,0.00,303,37082.29,20.7
2024-01-24,3,-1.7,0.00,32870.19,0.00,0.00,290,37170.96,11.1
2024-01-25,0,-0.9,0.00,32762.22,0.00,0.00,283,37261.34,12.7
2024-01-26,2,1.6,0.00,32870.88,0.00,0.00,284,37353.31,9.1
2024-01-27,3,1.1,0.00,32758.99,0.00,0.00,302,37446.75,11.7
2024-01-28,3,1.0,0.00,33096.99,0.00,0.00,144,37541.55,10.2
2024-01-29,3,3.8,0.00,32638.95,0.00,0.00,110,37637.58,15.2
2024-01-30,3,4.7,0.00,2227.81,0.00,0.00,96,37734.74,13.4
2024-01-31,71,3.3,6.60,0.00,0.35,7.10,39,37832.91,30.2
2024-02-01,73,-2.6,0.00,0.00,2.94,4.20,29,37931.99,24.7
2024-02-02,73,-2.0,0.00,2499.42,2.24,3.20,35,38032.05,17.3
2024-02-03,73,-1.2,0.00,0.00,1.26,1.80,17,38134.09,17.7
2024-02-04,73,-1.8,0.00,0.00,6.37,9.10,349,38238.16,17.3
2024-02-05,3,-2.2,0.00,23390.61,0.00,0.00,315,38344.12,17.1
2024-02-06,3,-0.6,0.00,25845.49,0.00,0.00,24,38451.84,13.7
2024-02-07,3,0.8,0.00,30644.70,0.00,0.00,313,38561.18,8.5
2024-02-08,3,0.7,0.00,27290.67,0.00,0.00,255,38672.03,9.0
2024-02-09,3,3.4,0.00,33902.93,0.00,0.00,228,38784.24,18.4
2024-02-10,3,4.0,0.00,30583.50,0.00,0.00,291,38897.69,11.4
2024-02-11,0,5.9,0.00,34438.26,0.00,0.00,204,39012.25,13.3
2024-02-12,0,9.8,0.00,34865.65,0.00,0.00,176,39127.82,18.2
2024-02-13,1,11.8,0.00,34770.18,0.00,0.00,170,39244.25,15.3
2024-02-14,61,10.9,5.00,30614.38,0.00,5.00,26,39361.46,30.9
2024-02-15,3,3.0,0.00,22839.98,0.00,0.00,44,39479.30,24.7
2024-02-16,0,4.8,0.00,35635.66,0.00,0.00,169,39597.67,16.6
2024-02-17,3,10.8,0.00,35475.01,0.00,0.00,148,39716.46,20.0
2024-02-18,63,15.1,8.80,25200.00,0.00,8.80,213,39835.56,31.4
2024-02-19,55,3.5,3.40,0.00,0.00,3.40,40,39954.87,29.6
2024-02-20,63,-1.0,10.30,0.00,0.00,10.30,36,40074.27,30.1
2024-02-21,73,-2.5,2.50,397.96,2.45,6.00,2,40193.65,27.2
2024-02-22,73,-1.8,0.00,6919.53,0.56,0.70,7,40313.11,24.7
2024-02-23,71,-0.5,0.00,25163.26,0.63,0.90,8,40433.65,18.9
2024-02-24,73,-1.5,0.00,0.00,1.96,2.80,297,40555.36,13.7
2024-02-25,3,1.3,0.00,36111.25,0.00,0.00,333,40678.12,12.5
2024-02-26,3,1.4,0.00,37240.94,0.00,0.00,55,40801.85,18.2
2024-02-27,3,2.2,0.00,36682.42,0.00,0.00,86,40926.41,10.2
2024-02-28,75,3.8,5.30,29503.66,3.99,11.00,37,41051.73,28.4
2024-02-29,73,0.2,1.10,775.31,3.01,5.40,22,41177.71,25.1
2024-03-01,3,0.9,0.00,34567.48,0.00,0.00,265,41304.23,12.2
2024-03-02,1,5.2,0.00,37749.38,0.00,0.00,225,41431.21,23.4
2024-03-03,51,7.9,0.10,36000.00,0.00,0.10,150,41558.54,15.6
2024-03-04,51,7.3,1.40,0.00,0.00,1.40,54,41686.14,17.0
2024-03-05,53,5.5,1.60,0.00,0.00,1.60,22,41813.91,22.9
2024-03-06,3,4.3,0.00,34160.32,0.00,0.00,46,41941.76,16.9
2024-03-07,3,5.7,0.00,26062.60,0.00,0.00,282,42069.59,22.3
2024-03-08,3,4.9,0.00,38720.69,0.00,0.00,325,42197.32,18.7
2024-03-09,3,5.7,0.00,38770.88,0.00,0.00,142,42324.85,14.4
2024-03-10,3,9.1,0.00,33908.99,0.00,0.00,153,42452.08,16.9
2024-03-11,3,11.7,0.00,38149.13,0.00,0.00,303,42578.94,17.4
2024-03-12,3,8.3,0.00,38919.39,0.00,0.00,108,42705.32,20.6
2024-03-13,53,10.1,2.90,25661.48,0.00,2.90,154,42831.31,13.7
2024-03-14,51,9.3,0.30,28216.71,0.00,0.30,142,42957.84,11.2
2024-03-15,3,11.0,0.00,33847.30,0.00,0.00,114,43084.98,13.2
2024-03-16,3,14.5,0.00,26858.61,0.00,0.00,60,43212.66,29.8
2024-03-17,3,8.3,0.00,21160.02,0.00,0.00,79,43340.80,24.5
2024-03-18,3,7.4,0.00,3613.91,0.00,0.00,230,43469.32,16.8
2024-03-19,0,9.0,0.00,39358.15,0.00,0.00,305,43598.12,18.2
2024-03-20,3,9.2,0.00,39391.92,0.00,0.00,118,43727.13,16.4
2024-03-21,3,15.2,0.00,39424.25,0.00,0.00,175,43856.27,22.0
2024-03-22,3,16.3,0.00,29971.95,0.00,0.00,85,43985.46,21.1
2024-03-23,63,11.9,21.40,2651.07,0.00,21.40,74,44114.61,25.1
2024-03-24,61,12.0,7.50,25511.21,0.00,7.50,58,44243.64,27.6
2024-03-25,61,7.8,3.70,261.48,0.00,3.70,349,44372.46,21.7
2024-03-26,3,10.9,0.00,33887.41,0.00,0.00,143,44501.01,14.3
2024-03-27,51,11.1,0.20,0.00,0.00,0.20,155,44629.18,15.4
2024-03-28,3,14.6,0.00,34210.18,0.00,0.00,227,44756.91,27.5
2024-03-29,3,17.1,0.00,40075.96,0.00,0.00,140,44884.10,19.4
2024-03-30,51,16.1,0.20,39600.00,0.00,0.20,79,45010.66,22.9
2024-03-31,3,14.7,0.00,38327.46,0.00,0.00,141,45136.52,13.5
2024-04-01,3,18.7,0.00,37444.38,0.00,0.00,111,45261.57,17.7
2024-04-02,61,14.3,10.70,401.57,0.00,10.70,33,45385.90,21.6
2024-04-03,53,13.5,1.00,4453.33,0.00,1.00,26,45510.38,17.7
2024-04-04,3,11.9,0.00,15054.23,0.00,0.00,60,45635.08,20.3
2024-04-05,3,14.1,0.00,32947.80,0.00,0.00,117,45759.93,10.0
2024-04-06,3,14.5,0.00,33021.93,0.00,0.00,158,45884.84,9.4
2024-04-07,3,15.8,0.00,27620.36,0.00,0.00,166,46009.74,11.5
2024-04-08,3,16.7,0.00,35645.61,0.00,0.00,228,46134.55,13.1
2024-04-09,3,17.1,0.00,38707.94,0.00,0.00,121,46259.17,13.0
2024-04-10,3,16.8,0.00,18459.00,0.00,0.00,150,46383.53,19.3
2024-04-11,3,18.3,0.00,30473.51,0.00,0.00,143,46507.54,11.4
2024-04-12,51,19.2,0.10,38653.27,0.00,0.10,135,46631.11,15.6
2024-04-13,51,18.0,0.40,16000.07,0.00,0.40,120,46754.17,21.6
2024-04-14,61,15.9,4.70,1222.00,0.00,4.70,324,46876.61,18.9
2024-04-15,3,19.4,0.00,36854.60,0.00,0.00,319,46998.34,12.8
2024-04-16,3,18.7,0.00,36655.54,0.00,0.00,88,47119.29,14.5
2024-04-17,3,16.0,0.00,33742.69,0.00,0.00,153,47239.34,10.8
2024-04-18,3,18.8,0.00,39600.00,0.00,0.00,148,47358.40,17.6
2024-04-19,63,15.8,11.60,10491.35,0.00,11.60,80,47476.39,22.9
2024-04-20,3,16.7,0.00,37426.52,0.00,0.00,104,47593.19,17.3
2024-04-21,3,17.6,0.00,35274.33,0.00,0.00,133,47708.72,10.9
2024-04-22,3,19.2,0.00,39311.86,0.00,0.00,133,47823.01,13.0
2024-04-23,53,17.1,1.70,38934.95,0.00,1.70,268,47936.91,19.4
2024-04-24,3,18.9,0.00,43200.00,0.00,0.00,200,48050.50,14.1
2024-04-25,3,20.7,0.00,39037.41,0.00,0.00,146,48163.69,16.4
2024-04-26,3,20.3,0.00,40919.35,0.00,0.00,128,48276.38,13.5
2024-04-27,3,20.1,0.00,37590.57,0.00,0.00,104,48388.50,19.7
2024-04-28,3,17.4,0.00,8776.13,0.00,0.00,65,48499.95,18.7
2024-04-29,3,18.3,0.00,32400.00,0.00,0.00,50,48610.63,25.1
2024-04-30,3,14.2,0.00,3983.69,0.00,0.00,18,48720.45,18.5
2024-05-01,3,17.6,0.00,42094.77,0.00,0.00,229,48829.33,8.9
2024-05-02,3,18.2,0.00,42414.46,0.00,0.00,133,48937.14,10.8
2024-05-03,51,18.3,0.10,32365.15,0.00,0.10,126,49043.82,16.3
2024-05-04,63,17.1,14.30,13138.48,0.00,14.30,77,49149.23,13.3
2024-05-05,51,16.4,0.40,3307.34,0.00,0.40,265,49253.29,11.9
2024-05-06,3,18.6,0.00,43200.00,0.00,0.00,285,49355.89,12.1
2024-05-07,3,19.2,0.00,43200.00,0.00,0.00,359,49456.92,23.9
2024-05-08,3,18.3,0.00,39783.32,0.00,0.00,137,49556.27,11.6
2024-05-09,3,19.4,0.00,41754.75,0.00,0.00,159,49653.83,17.6
2024-05-10,63,23.7,7.70,39600.00,0.00,7.70,192,49749.49,19.8
2024-05-11,53,18.5,1.00,30618.40,0.00,1.00,51,49843.13,24.3
2024-05-12,3,20.2,0.00,43200.00,0.00,0.00,246,49934.79,10.1
2024-05-13,0,22.1,0.00,43210.86,0.00,0.00,202,50025.18,14.2
2024-05-14,3,23.2,0.00,40907.71,0.00,0.00,167,50114.37,37.4
2024-05-15,51,18.9,0.40,42890.33,0.00,0.40,16,50202.27,28.0
2024-05-16,3,23.0,0.00,43200.00,0.00,0.00,204,50288.82,20.1
2024-05-17,53,25.7,1.90,37351.50,0.00,1.90,180,50373.90,23.8
2024-05-18,51,27.3,0.10,39277.93,0.00,0.10,158,50457.45,17.2
2024-05-19,3,24.4,0.00,37636.18,0.00,0.00,142,50539.36,16.5
2024-05-20,3,22.8,0.00,39600.00,0.00,0.00,77,50619.55,22.1
2024-05-21,3,23.4,0.00,26888.36,0.00,0.00,112,50697.93,14.1
2024-05-22,3,24.0,0.00,43200.00,0.00,0.00,162,50774.41,13.0
2024-05-23,0,24.8,0.00,43556.88,0.00,0.00,137,50848.89,13.4
2024-05-24,3,25.4,0.00,39803.98,0.00,0.00,93,50921.29,19.8
2024-05-25,3,25.2,0.00,36494.95,0.00,0.00,126,50991.50,16.6
2024-05-26,61,24.2,2.80,18098.40,0.00,2.80,38,51059.42,24.7
2024-05-27,3,22.2,0.00,40084.48,0.00,0.00,82,51124.97,19.0
2024-05-28,3,23.9,0.00,42355.96,0.00,0.00,127,51188.05,16.1
2024-05-29,51,24.1,0.70,30534.18,0.00,0.70,149,51248.55,24.1
2024-05-30,53,20.5,0.70,12163.05,0.00,0.70,168,51306.39,15.1
2024-05-31,3,25.4,0.00,38938.55,0.00,0.00,75,51361.46,32.4
2024-06-01,3,24.4,0.00,32400.00,0.00,0.00,108,51413.76,13.8
2024-06-02,3,25.1,0.00,26090.02,0.00,0.00,232,51463.72,17.6
2024-06-03,3,25.5,0.00,39600.00,0.00,0.00,85,51511.40,18.8
2024-06-04,51,24.9,0.10,23446.06,0.00,0.10,104,51556.74,17.0
2024-06-05,3,22.3,0.00,13824.52,0.00,0.00,139,51599.71,16.0
2024-06-06,3,23.9,0.00,25200.00,0.00,0.00,125,51640.27,16.9
2024-06-07,51,24.2,0.10,37484.16,0.00,0.10,168,51678.37,11.6
2024-06-08,3,27.3,0.00,31414.07,0.00,0.00,194,51713.97,11.3
2024-06-09,3,29.7,0.00,35308.41,0.00,0.00,198,51747.02,14.5
2024-06-10,3,29.2,0.00,37579.48,0.00,0.00,170,51777.50,18.8
2024-06-11,3,27.7,0.00,44103.86,0.00,0.00,164,51805.36,14.1
2024-06-12,53,29.4,0.50,38336.09,0.00,0.50,138,51830.57,14.0
2024-06-13,3,30.9,0.00,38543.74,0.00,0.00,155,51853.07,16.9
2024-06-14,61,29.0,2.40,35073.31,0.00,2.40,110,51872.86,27.2
2024-06-15,3,28.5,0.00,42981.84,0.00,0.00,62,51889.87,17.1
2024-06-16,61,27.6,3.70,15179.42,0.00,3.70,76,51904.07,22.1
2024-06-17,3,25.9,0.00,20493.52,0.00,0.00,122,51915.44,13.2
2024-06-18,3,28.4,0.00,41602.31,0.00,0.00,145,51923.94,14.6
2024-06-19,3,27.3,0.00,28807.35,0.00,0.00,89,51929.54,21.4
2024-06-20,3,28.2,0.00,43913.47,0.00,0.00,82,51932.21,13.4
2024-06-21,63,27.9,22.50,25750.37,0.00,22.50,176,51931.92,15.9
2024-06-22,51,27.4,0.30,22929.52,0.00,0.30,248,51928.64,15.3
2024-06-23,3,29.6,0.00,40645.41,0.00,0.00,246,51922.39,20.1
2024-06-24,3,25.8,0.00,31268.85,0.00,0.00,87,51913.22,16.4
2024-06-25,3,25.3,0.00,44411.83,0.00,0.00,114,51901.16,15.4
2024-06-26,3,25.6,0.00,42625.86,0.00,0.00,103,51886.25,18.3
2024-06-27,51,26.2,0.30,39290.56,0.00,0.30,141,51868.53,13.8
2024-06-28,53,26.6,1.90,21862.10,0.00,1.90,131,51848.05,21.6
2024-06-29,63,25.7,4.20,15787.48,0.00,4.20,319,51824.84,14.8
2024-06-30,3,28.4,0.00,43266.43,0.00,0.00,153,51798.95,11.6
2024-07-01,63,28.1,21.70,33352.89,0.00,21.70,56,51770.43,24.2
2024-07-02,63,23.9,5.20,19927.48,0.00,5.20,285,51739.30,28.2
2024-07-03,51,28.3,0.20,40972.83,0.00,0.20,181,51705.64,26.8
2024-07-04,63,25.5,17.20,17868.25,0.00,17.20,229,51669.48,29.2
2024-07-05,63,30.1,21.00,26014.81,0.00,21.00,190,51630.86,28.5
2024-07-06,63,28.0,12.10,15132.88,0.00,12.10,226,51589.83,26.0
2024-07-07,65,28.9,38.30,21340.16,0.00,38.30,211,51546.45,15.0
2024-07-08,65,27.2,66.80,6316.09,0.00,66.80,96,51500.77,23.4
2024-07-09,65,26.2,22.80,18951.20,0.00,22.80,325,51452.81,18.2
2024-07-10,3,25.5,0.00,10833.36,0.00,0.00,277,51402.65,8.5
2024-07-11,51,25.4,0.30,24692.30,0.00,0.30,222,51350.23,11.7
2024-07-12,3,26.9,0.00,39108.81,0.00,0.00,122,51295.06,13.6
2024-07-13,51,26.0,0.50,40655.74,0.00,0.50,63,51237.16,18.4
2024-07-14,53,27.3,2.80,39593.36,0.00,2.80,91,51176.62,14.0
2024-07-15,51,27.5,1.50,16639.90,0.00,1.50,156,51113.55,15.6
2024-07-16,65,28.2,27.40,0.00,0.00,27.40,197,51048.04,18.3
2024-07-17,65,26.1,92.30,0.00,0.00,92.30,233,50980.19,23.8
2024-07-18,65,26.2,30.90,10953.53,0.00,30.90,214,50910.10,19.6
2024-07-19,65,27.6,54.00,11323.53,0.00,54.00,173,50837.87,20.9
2024-07-20,63,26.4,25.00,8747.19,0.00,25.00,205,50763.59,20.9
2024-07-21,51,31.0,0.10,39600.00,0.00,0.10,188,50687.37,19.9
2024-07-22,3,31.6,0.00,28503.23,0.00,0.00,194,50609.28,21.7
2024-07-23,3,31.8,0.00,21635.55,0.00,0.00,167,50529.44,12.1
2024-07-24,3,31.3,0.00,42865.79,0.00,0.00,135,50447.93,19.1
2024-07-25,3,29.7,0.00,41197.82,0.00,0.00,114,50364.84,22.0
2024-07-26,61,28.9,5.50,39600.00,0.00,5.50,88,50280.26,27.0
2024-07-27,63,28.2,8.70,6172.05,0.00,8.70,139,50194.29,23.2
2024-07-28,51,30.6,0.30,44409.20,0.00,0.30,172,50107.01,26.0
2024-07-29,0,31.0,0.00,44709.59,0.00,0.00,186,50018.50,20.3
2024-07-30,0,31.7,0.00,44557.43,0.00,0.00,183,49928.86,15.5
2024-07-31,53,31.2,1.40,36912.43,0.00,1.40,209,49838.02,17.8
2024-08-01,63,29.1,6.30,27357.73,0.00,6.30,207,49745.26,18.8
2024-08-02,61,30.0,2.10,41001.49,0.00,2.10,189,49650.52,16.7
2024-08-03,53,30.8,1.60,38657.39,0.00,1.60,162,49553.95,13.2
2024-08-04,51,32.0,0.30,44401.12,0.00,0.30,210,49455.63,16.2
2024-08-05,61,30.1,3.10,33189.56,0.00,3.10,191,49355.69,14.5
2024-08-06,63,28.4,6.70,29676.99,0.00,6.70,124,49254.22,14.8
2024-08-07,63,29.2,7.50,39600.00,0.00,7.50,127,49151.34,12.7
2024-08-08,63,29.0,9.90,26014.05,0.00,9.90,107,49047.14,9.6
2024-08-09,3,31.4,0.00,36000.00,0.00,0.00,153,48941.73,15.1
2024-08-10,55,30.6,1.10,32595.44,0.00,1.10,222,48835.20,18.6
2024-08-11,2,29.2,0.00,44112.16,0.00,0.00,236,48727.66,18.4
2024-08-12,3,30.5,0.00,40257.82,0.00,0.00,122,48619.20,8.1
2024-08-13,63,30.0,5.50,27436.53,0.00,5.50,57,48509.92,12.7
2024-08-14,55,27.9,6.00,30321.59,0.00,6.00,65,48399.90,11.7
2024-08-15,53,28.7,2.00,43072.00,0.00,2.00,58,48289.24,13.8
2024-08-16,53,28.8,0.90,43200.00,0.00,0.90,76,48178.03,14.7
2024-08-17,1,29.2,0.00,43200.00,0.00,0.00,91,48066.35,12.5
2024-08-18,3,29.3,0.00,43029.90,0.00,0.00,116,47954.30,13.7
2024-08-19,61,28.1,7.60,25005.15,0.00,7.60,122,47841.95,12.3
2024-08-20,51,28.7,0.50,43213.19,0.00,0.50,353,47729.23,8.1
2024-08-21,53,28.6,0.90,33408.85,0.00,0.90,276,47615.34,13.5
2024-08-22,53,29.0,1.00,43200.00,0.00,1.00,216,47500.23,12.2
2024-08-23,63,30.0,10.10,40486.82,0.00,10.10,126,47383.98,14.3
2024-08-24,51,29.9,0.20,42973.97,0.00,0.20,112,47266.70,11.6
2024-08-25,3,30.1,0.00,39600.00,0.00,0.00,117,47148.47,16.4
2024-08-26,63,28.5,11.30,21366.32,0.00,11.30,211,47029.39,22.1
2024-08-27,63,25.3,15.50,936.78,0.00,15.50,26,46909.54,30.1
2024-08-28,51,26.7,0.40,39364.47,0.00,0.40,51,46789.02,22.7
2024-08-29,2,27.5,0.00,42949.32,0.00,0.00,74,46667.90,14.8
2024-08-30,0,28.3,0.00,42909.38,0.00,0.00,112,46546.29,7.8
2024-08-31,3,29.4,0.00,42869.43,0.00,0.00,146,46424.24,11.5
2024-09-01,61,30.0,4.80,38678.42,0.00,4.80,54,46301.86,24.5
2024-09-02,3,25.5,0.00,39189.42,0.00,0.00,45,46179.21,24.2
2024-09-03,3,25.1,0.00,42749.36,0.00,0.00,76,46056.39,13.0
2024-09-04,3,27.7,0.00,42709.25,0.00,0.00,135,45933.47,11.3
2024-09-05,53,27.5,2.30,38570.48,0.00,2.30,34,45810.52,19.5
2024-09-06,51,25.0,0.20,6613.31,0.00,0.20,62,45687.63,17.6
2024-09-07,2,27.0,0.00,41647.25,0.00,0.00,74,45564.87,17.7
2024-09-08,3,27.6,0.00,42041.88,0.00,0.00,94,45442.32,20.6
2024-09-09,0,28.6,0.00,41687.11,0.00,0.00,116,45319.89,14.7
2024-09-10,3,28.3,0.00,38210.40,0.00,0.00,58,45196.78,23.5
2024-09-11,63,25.5,27.50,0.00,0.00,27.50,41,45072.90,28.0
2024-09-12,53,26.5,1.10,6798.12,0.00,1.10,58,44948.35,25.2
2024-09-13,55,27.5,3.70,29512.67,0.00,3.70,71,44823.20,8.4
2024-09-14,65,25.3,16.10,30114.34,0.00,16.10,39,44697.54,23.2
2024-09-15,3,23.0,0.00,15158.35,0.00,0.00,43,44571.43,22.2
2024-09-16,63,25.8,11.10,32400.00,0.00,11.10,39,44444.97,30.5
2024-09-17,63,26.1,26.30,16205.56,0.00,26.30,94,44318.23,29.8
2024-09-18,3,27.2,0.00,35302.59,0.00,0.00,97,44191.29,20.4
2024-09-19,51,27.9,0.70,37004.84,0.00,0.70,55,44064.23,22.5
2024-09-20,53,26.0,1.30,36437.19,0.00,1.30,17,43937.12,31.4
2024-09-21,3,19.5,0.00,33316.95,0.00,0.00,10,43810.04,33.6
2024-09-22,3,19.0,0.00,39425.36,0.00,0.00,16,43683.07,22.1
2024-09-23,3,19.5,0.00,38184.74,0.00,0.00,32,43556.28,13.2
2024-09-24,3,21.5,0.00,37170.31,0.00,0.00,352,43429.74,8.6
2024-09-25,3,23.5,0.00,37390.38,0.00,0.00,42,43303.54,9.8
2024-09-26,3,23.7,0.00,36313.60,0.00,0.00,82,43177.76,16.9
2024-09-27,3,23.2,0.00,37410.43,0.00,0.00,99,43052.46,19.0
2024-09-28,3,23.6,0.00,37034.98,0.00,0.00,99,42927.73,17.3
2024-09-29,3,24.7,0.00,36288.13,0.00,0.00,116,42803.49,19.7
2024-09-30,61,22.3,6.50,26820.99,0.00,6.50,358,42678.86,28.3
2024-10-01,3,17.8,0.00,36708.63,0.00,0.00,352,42553.77,23.1
2024-10-02,0,15.2,0.00,36851.17,0.00,0.00,1,42428.30,17.4
2024-10-03,0,16.5,0.00,36862.45,0.00,0.00,73,42302.54,10.8
2024-10-04,3,18.3,0.00,36000.00,0.00,0.00,97,42176.57,13.3
2024-10-05,63,19.8,11.60,27977.44,0.00,11.60,70,42050.48,14.2
2024-10-06,61,17.1,11.70,0.00,0.00,11.70,34,41924.37,10.9
2024-10-07,3,16.9,0.00,14396.44,0.00,0.00,321,41798.30,10.1
2024-10-08,3,16.3,0.00,36196.99,0.00,0.00,93,41672.38,9.8
2024-10-09,3,17.9,0.00,36000.00,0.00,0.00,192,41546.69,13.0
2024-10-10,3,19.5,0.00,34318.20,0.00,0.00,169,41421.31,8.9
2024-10-11,3,20.4,0.00,35037.28,0.00,0.00,138,41296.35,8.2
2024-10-12,51,20.9,0.30,35755.88,0.00,0.30,131,41171.88,15.2
2024-10-13,61,19.2,3.00,9433.65,0.00,3.00,134,41048.01,14.4
2024-10-14,51,20.0,0.10,28737.81,0.00,0.10,280,40924.81,8.5
2024-10-15,3,21.2,0.00,36000.00,0.00,0.00,72,40802.41,17.4
2024-10-16,51,20.1,0.10,26314.67,0.00,0.10,91,40680.87,22.0
2024-10-17,65,20.0,31.80,2764.67,0.00,31.80,118,40560.30,21.0
2024-10-18,51,19.2,1.10,18189.20,0.00,1.10,332,40440.81,31.9
2024-10-19,3,11.3,0.00,26773.60,0.00,0.00,25,40322.31,32.9
2024-10-20,51,13.6,0.50,25262.55,0.00,0.50,17,40203.84,15.0
2024-10-21,61,13.9,6.00,0.00,0.00,6.00,354,40085.30,13.0
2024-10-22,3,12.2,0.00,16423.25,0.00,0.00,314,39966.82,27.8
2024-10-23,0,12.2,0.00,35938.37,0.00,0.00,176,39848.49,8.9
2024-10-24,3,14.9,0.00,35868.79,0.00,0.00,89,39730.41,9.4
2024-10-25,3,16.4,0.00,32520.41,0.00,0.00,54,39612.68,16.3
2024-10-26,3,17.6,0.00,34932.91,0.00,0.00,29,39495.43,13.0
2024-10-27,55,15.3,1.20,0.00,0.00,1.20,23,39378.75,14.5
2024-10-28,2,12.8,0.00,35258.82,0.00,0.00,76,39262.75,13.2
2024-10-29,3,14.8,0.00,35532.73,0.00,0.00,122,39147.55,8.9
2024-10-30,3,15.7,0.00,35094.81,0.00,0.00,74,39033.27,16.3
2024-10-31,3,16.4,0.00,34768.46,0.00,0.00,42,38920.01,16.8
2024-11-01,0,15.6,0.00,34766.58,0.00,0.00,14,38807.90,23.0
2024-11-02,3,15.8,0.00,34763.89,0.00,0.00,80,38697.06,9.2
2024-11-03,3,16.8,0.00,34446.03,0.00,0.00,354,38587.60,24.1
2024-11-04,3,13.0,0.00,29099.67,0.00,0.00,32,38479.66,26.1
2024-11-05,0,11.6,0.00,34442.45,0.00,0.00,19,38373.37,12.0
2024-11-06,1,11.4,0.00,34439.66,0.00,0.00,101,38268.84,10.4
2024-11-07,3,12.0,0.00,33980.95,0.00,0.00,135,38166.21,14.4
2024-11-08,3,13.3,0.00,30094.41,0.00,0.00,101,38065.44,15.3
2024-11-09,53,15.6,3.90,7489.74,0.00,3.90,103,37965.52,10.6
2024-11-10,3,15.5,0.00,18544.35,0.00,0.00,110,37866.37,9.2
2024-11-11,3,16.1,0.00,32505.04,0.00,0.00,154,37768.11,9.4
2024-11-12,3,17.2,0.00,25389.50,0.00,0.00,94,37670.84,16.2
2024-11-13,51,16.8,0.80,13422.88,0.00,0.80,114,37574.70,18.3
2024-11-14,53,17.1,0.60,10522.42,0.00,0.60,42,37479.78,10.9
2024-11-15,53,17.6,2.20,11156.66,0.00,2.20,68,37386.21,12.3
2024-11-16,55,14.6,11.20,0.00,0.00,11.20,21,37294.12,25.1
2024-11-17,3,11.3,0.00,2290.27,0.00,0.00,41,37203.61,20.2
2024-11-18,3,10.4,0.00,13618.73,0.00,0.00,57,37114.82,23.4
2024-11-19,3,9.7,0.00,5290.13,0.00,0.00,58,37027.88,13.7
2024-11-20,3,9.7,0.00,14069.23,0.00,0.00,253,36942.90,9.0
2024-11-21,3,10.1,0.00,31677.96,0.00,0.00,283,36860.02,9.4
2024-11-22,3,10.2,0.00,31098.48,0.00,0.00,50,36779.37,17.2
2024-11-23,3,9.1,0.00,31672.07,0.00,0.00,66,36701.07,16.9
2024-11-24,61,11.1,4.50,27427.27,0.00,4.50,100,36625.29,16.3
2024-11-25,61,7.4,9.60,0.00,0.00,9.60,304,36552.12,28.0
2024-11-26,0,5.4,0.00,31808.32,0.00,0.00,272,36481.72,22.7
2024-11-27,0,5.3,0.00,31928.75,0.00,0.00,275,36414.23,26.2
2024-11-28,0,5.6,0.00,31487.11,0.00,0.00,276,36349.63,23.9
2024-11-29,3,6.6,0.00,31330.17,0.00,0.00,247,36287.18,14.6
2024-11-30,3,8.9,0.00,29548.14,0.00,0.00,180,36226.80,11.8
2024-12-01,0,9.2,0.00,30878.96,0.00,0.00,227,36168.57,16.0
2024-12-02,3,7.9,0.00,30762.40,0.00,0.00,41,36112.57,21.0
2024-12-03,3,6.0,0.00,26181.36,0.00,0.00,45,36058.87,12.0
2024-12-04,3,6.5,0.00,23317.08,0.00,0.00,297,36007.56,7.4
2024-12-05,3,5.9,0.00,19033.34,0.00,0.00,281,35958.70,9.9
2024-12-06,3,5.7,0.00,22784.40,0.00,0.00,340,35912.38,10.2
2024-12-07,3,3.6,0.00,29558.95,0.00,0.00,359,35868.66,22.4
2024-12-08,3,2.2,0.00,29820.69,0.00,0.00,297,35827.64,6.5
2024-12-09,3,4.2,0.00,15098.10,0.00,0.00,51,35789.39,7.2
2024-12-10,3,5.8,0.00,13058.17,0.00,0.00,21,35753.96,14.8
2024-12-11,3,4.2,0.00,24870.69,0.00,0.00,9,35721.46,15.1
2024-12-12,3,4.4,0.00,14903.74,0.00,0.00,6,35691.94,10.9
2024-12-13,73,2.8,0.60,21706.83,0.21,0.90,327,35665.48,25.1
2024-12-14,3,1.5,0.00,29825.85,0.00,0.00,275,35642.16,12.0
2024-12-15,0,1.4,0.00,30578.61,0.00,0.00,248,35622.05,10.9
2024-12-16,3,2.1,0.00,30579.49,0.00,0.00,265,35605.21,10.2
2024-12-17,0,2.6,0.00,30466.26,0.00,0.00,14,35591.73,14.9
2024-12-18,3,0.9,0.00,30109.18,0.00,0.00,14,35581.62,19.7
2024-12-19,3,0.3,0.00,21712.01,0.00,0.00,204,35574.75,8.9
2024-12-20,3,1.4,0.00,24728.95,0.00,0.00,293,35571.06,13.2
2024-12-21,3,-0.7,0.00,30536.38,0.00,0.00,340,35570.53,20.3
2024-12-22,3,0.8,0.00,28976.07,0.00,0.00,359,35573.13,4.9
2024-12-23,3,1.3,0.00,15734.43,0.00,0.00,3,35578.83,5.3
2024-12-24,3,2.6,0.00,28972.87,0.00,0.00,111,35587.60,3.8
2024-12-25,3,3.2,0.00,30504.60,0.00,0.00,324,35599.42,13.0
2024-12-26,3,1.7,0.00,30439.83,0.00,0.00,37,35614.24,15.7
2024-12-27,3,1.1,0.00,28976.21,0.00,0.00,308,35632.04,20.6
2024-12-28,0,0.3,0.00,31223.07,0.00,0.00,243,35652.79,15.7
2024-12-29,3,2.7,0.00,28650.30,0.00,0.00,208,35676.45,16.7
2024-12-30,3,2.8,0.00,26857.43,0.00,0.00,315,35702.97,13.3
2024-12-31,0,2.4,0.00,31418.10,0.00,0.00,174,35732.33,9.9
